benchmark,dtype,mode,streams,repeat,loop_iters,unroll,total_mma,cycles,cycles_per_mma,sink_lo,sink_hi
bench_empty,none,empty,0,0,4096,1,0,286780,0.00000000,13353452694195345728,595275643012597269
bench_empty,none,empty,0,1,4096,1,0,286780,0.00000000,13353452694195345728,595275643012597269
bench_empty,none,empty,0,2,4096,1,0,286902,0.00000000,13353452694195345728,595275643012597269
bench_empty,none,empty,0,3,4096,1,0,286780,0.00000000,13353452694195345728,595275643012597269
bench_empty,none,empty,0,4,4096,1,0,286780,0.00000000,13353452694195345728,595275643012597269
bench_empty,none,empty,0,5,4096,1,0,286902,0.00000000,13353452694195345728,595275643012597269
bench_empty,none,empty,0,6,4096,1,0,286780,0.00000000,13353452694195345728,595275643012597269
bench_empty,none,empty,0,7,4096,1,0,286780,0.00000000,13353452694195345728,595275643012597269
bench_empty,none,empty,0,8,4096,1,0,286780,0.00000000,13353452694195345728,595275643012597269
bench_empty,none,empty,0,9,4096,1,0,286841,0.00000000,13353452694195345728,595275643012597269
bench_empty_matched_dep,f16_f16_f16_f16,empty_matched_dep,1,0,4096,1,4096,253986,62.00830078,63897600,63897600
bench_empty_matched_dep,f16_f16_f16_f16,empty_matched_dep,1,1,4096,1,4096,253986,62.00830078,63897600,63897600
bench_empty_matched_dep,f16_f16_f16_f16,empty_matched_dep,1,2,4096,1,4096,254108,62.03808594,63897600,63897600
bench_empty_matched_dep,f16_f16_f16_f16,empty_matched_dep,1,3,4096,1,4096,253986,62.00830078,63897600,63897600
bench_empty_matched_dep,f16_f16_f16_f16,empty_matched_dep,1,4,4096,1,4096,253986,62.00830078,63897600,63897600
bench_empty_matched_dep,f16_f16_f16_f16,empty_matched_dep,1,5,4096,1,4096,253986,62.00830078,63897600,63897600
bench_empty_matched_dep,f16_f16_f16_f16,empty_matched_dep,1,6,4096,1,4096,254108,62.03808594,63897600,63897600
bench_empty_matched_dep,f16_f16_f16_f16,empty_matched_dep,1,7,4096,1,4096,253986,62.00830078,63897600,63897600
bench_empty_matched_dep,f16_f16_f16_f16,empty_matched_dep,1,8,4096,1,4096,253986,62.00830078,63897600,63897600
bench_empty_matched_dep,f16_f16_f16_f16,empty_matched_dep,1,9,4096,1,4096,253986,62.00830078,63897600,63897600
bench_mma_f16_dep,f16_f16_f16_f16,dep,1,0,4096,1,4096,454817,111.03930664,8070573679429316608,8070573679429316608
bench_mma_f16_dep,f16_f16_f16_f16,dep,1,1,4096,1,4096,454695,111.00952148,8070573679429316608,8070573679429316608
bench_mma_f16_dep,f16_f16_f16_f16,dep,1,2,4096,1,4096,454756,111.02441406,8070573679429316608,8070573679429316608
bench_mma_f16_dep,f16_f16_f16_f16,dep,1,3,4096,1,4096,454695,111.00952148,8070573679429316608,8070573679429316608
bench_mma_f16_dep,f16_f16_f16_f16,dep,1,4,4096,1,4096,454695,111.00952148,8070573679429316608,8070573679429316608
bench_mma_f16_dep,f16_f16_f16_f16,dep,1,5,4096,1,4096,454755,111.02416992,8070573679429316608,8070573679429316608
bench_mma_f16_dep,f16_f16_f16_f16,dep,1,6,4096,1,4096,454695,111.00952148,8070573679429316608,8070573679429316608
bench_mma_f16_dep,f16_f16_f16_f16,dep,1,7,4096,1,4096,454817,111.03930664,8070573679429316608,8070573679429316608
bench_mma_f16_dep,f16_f16_f16_f16,dep,1,8,4096,1,4096,454695,111.00952148,8070573679429316608,8070573679429316608
bench_mma_f16_dep,f16_f16_f16_f16,dep,1,9,4096,1,4096,454816,111.03906250,8070573679429316608,8070573679429316608
bench_empty_matched_f32dep,f32_f16_f16_f32,empty_matched_f32dep,1,0,4096,1,4096,335918,82.01123047,0,0
bench_empty_matched_f32dep,f32_f16_f16_f32,empty_matched_f32dep,1,1,4096,1,4096,335979,82.02612305,0,0
bench_empty_matched_f32dep,f32_f16_f16_f32,empty_matched_f32dep,1,2,4096,1,4096,335918,82.01123047,0,0
bench_empty_matched_f32dep,f32_f16_f16_f32,empty_matched_f32dep,1,3,4096,1,4096,335918,82.01123047,0,0
bench_empty_matched_f32dep,f32_f16_f16_f32,empty_matched_f32dep,1,4,4096,1,4096,335979,82.02612305,0,0
bench_empty_matched_f32dep,f32_f16_f16_f32,empty_matched_f32dep,1,5,4096,1,4096,335918,82.01123047,0,0
bench_empty_matched_f32dep,f32_f16_f16_f32,empty_matched_f32dep,1,6,4096,1,4096,335918,82.01123047,0,0
bench_empty_matched_f32dep,f32_f16_f16_f32,empty_matched_f32dep,1,7,4096,1,4096,336040,82.04101562,0,0
bench_empty_matched_f32dep,f32_f16_f16_f32,empty_matched_f32dep,1,8,4096,1,4096,335918,82.01123047,0,0
bench_empty_matched_f32dep,f32_f16_f16_f32,empty_matched_f32dep,1,9,4096,1,4096,335918,82.01123047,0,0
bench_mma_f32_dep,f32_f16_f16_f32,dep,1,0,4096,1,4096,561254,137.02490234,0,0
bench_mma_f32_dep,f32_f16_f16_f32,dep,1,1,4096,1,4096,561317,137.04028320,0,0
bench_mma_f32_dep,f32_f16_f16_f32,dep,1,2,4096,1,4096,561195,137.01049805,0,0
bench_mma_f32_dep,f32_f16_f16_f32,dep,1,3,4096,1,4096,561317,137.04028320,0,0
bench_mma_f32_dep,f32_f16_f16_f32,dep,1,4,4096,1,4096,561195,137.01049805,0,0
bench_mma_f32_dep,f32_f16_f16_f32,dep,1,5,4096,1,4096,561317,137.04028320,0,0
bench_mma_f32_dep,f32_f16_f16_f32,dep,1,6,4096,1,4096,561195,137.01049805,0,0
bench_mma_f32_dep,f32_f16_f16_f32,dep,1,7,4096,1,4096,561315,137.03979492,0,0
bench_mma_f32_dep,f32_f16_f16_f32,dep,1,8,4096,1,4096,561195,137.01049805,0,0
bench_mma_f32_dep,f32_f16_f16_f32,dep,1,9,4096,1,4096,561254,137.02490234,0,0
bench_empty_matched_f32acc,f32_f16_f16_f16,empty_matched_f32acc,1,0,4096,1,4096,340009,83.01000977,9080103431896760822,417337677282193
bench_empty_matched_f32acc,f32_f16_f16_f16,empty_matched_f32acc,1,1,4096,1,4096,340009,83.01000977,9080103431896760822,417337677282193
bench_empty_matched_f32acc,f32_f16_f16_f16,empty_matched_f32acc,1,2,4096,1,4096,340009,83.01000977,9080103431896760822,417337677282193
bench_empty_matched_f32acc,f32_f16_f16_f16,empty_matched_f32acc,1,3,4096,1,4096,340009,83.01000977,9080103431896760822,417337677282193
bench_empty_matched_f32acc,f32_f16_f16_f16,empty_matched_f32acc,1,4,4096,1,4096,340070,83.02490234,9080103431896760822,417337677282193
bench_empty_matched_f32acc,f32_f16_f16_f16,empty_matched_f32acc,1,5,4096,1,4096,340009,83.01000977,9080103431896760822,417337677282193
bench_empty_matched_f32acc,f32_f16_f16_f16,empty_matched_f32acc,1,6,4096,1,4096,340009,83.01000977,9080103431896760822,417337677282193
bench_empty_matched_f32acc,f32_f16_f16_f16,empty_matched_f32acc,1,7,4096,1,4096,340131,83.03979492,9080103431896760822,417337677282193
bench_empty_matched_f32acc,f32_f16_f16_f16,empty_matched_f32acc,1,8,4096,1,4096,340009,83.01000977,9080103431896760822,417337677282193
bench_empty_matched_f32acc,f32_f16_f16_f16,empty_matched_f32acc,1,9,4096,1,4096,340009,83.01000977,9080103431896760822,417337677282193
bench_empty_matched_f32acc,f32_f16_f16_f16,empty_matched_f32acc,2,0,4096,1,8192,405672,49.52050781,0,0
bench_empty_matched_f32acc,f32_f16_f16_f16,empty_matched_f32acc,2,1,4096,1,8192,405550,49.50561523,0,0
bench_empty_matched_f32acc,f32_f16_f16_f16,empty_matched_f32acc,2,2,4096,1,8192,405611,49.51306152,0,0
bench_empty_matched_f32acc,f32_f16_f16_f16,empty_matched_f32acc,2,3,4096,1,8192,405550,49.50561523,0,0
bench_empty_matched_f32acc,f32_f16_f16_f16,empty_matched_f32acc,2,4,4096,1,8192,405672,49.52050781,0,0
bench_empty_matched_f32acc,f32_f16_f16_f16,empty_matched_f32acc,2,5,4096,1,8192,405550,49.50561523,0,0
bench_empty_matched_f32acc,f32_f16_f16_f16,empty_matched_f32acc,2,6,4096,1,8192,405550,49.50561523,0,0
bench_empty_matched_f32acc,f32_f16_f16_f16,empty_matched_f32acc,2,7,4096,1,8192,405672,49.52050781,0,0
bench_empty_matched_f32acc,f32_f16_f16_f16,empty_matched_f32acc,2,8,4096,1,8192,405550,49.50561523,0,0
bench_empty_matched_f32acc,f32_f16_f16_f16,empty_matched_f32acc,2,9,4096,1,8192,405672,49.52050781,0,0
bench_empty_matched_f32acc,f32_f16_f16_f16,empty_matched_f32acc,4,0,4096,1,16384,536685,32.75665283,0,0
bench_empty_matched_f32acc,f32_f16_f16_f16,empty_matched_f32acc,4,1,4096,1,16384,536624,32.75292969,0,0
bench_empty_matched_f32acc,f32_f16_f16_f16,empty_matched_f32acc,4,2,4096,1,16384,536685,32.75665283,0,0
bench_empty_matched_f32acc,f32_f16_f16_f16,empty_matched_f32acc,4,3,4096,1,16384,536624,32.75292969,0,0
bench_empty_matched_f32acc,f32_f16_f16_f16,empty_matched_f32acc,4,4,4096,1,16384,536746,32.76037598,0,0
bench_empty_matched_f32acc,f32_f16_f16_f16,empty_matched_f32acc,4,5,4096,1,16384,536624,32.75292969,0,0
bench_empty_matched_f32acc,f32_f16_f16_f16,empty_matched_f32acc,4,6,4096,1,16384,536685,32.75665283,0,0
bench_empty_matched_f32acc,f32_f16_f16_f16,empty_matched_f32acc,4,7,4096,1,16384,536624,32.75292969,0,0
bench_empty_matched_f32acc,f32_f16_f16_f16,empty_matched_f32acc,4,8,4096,1,16384,536624,32.75292969,0,0
bench_empty_matched_f32acc,f32_f16_f16_f16,empty_matched_f32acc,4,9,4096,1,16384,536685,32.75665283,0,0
bench_empty_matched_f32acc,f32_f16_f16_f16,empty_matched_f32acc,8,0,4096,1,32768,798956,24.38220215,0,0
bench_empty_matched_f32acc,f32_f16_f16_f16,empty_matched_f32acc,8,1,4096,1,32768,798955,24.38217163,0,0
bench_empty_matched_f32acc,f32_f16_f16_f16,empty_matched_f32acc,8,2,4096,1,32768,798895,24.38034058,0,0
bench_empty_matched_f32acc,f32_f16_f16_f16,empty_matched_f32acc,8,3,4096,1,32768,798894,24.38031006,0,0
bench_empty_matched_f32acc,f32_f16_f16_f16,empty_matched_f32acc,8,4,4096,1,32768,798956,24.38220215,0,0
bench_empty_matched_f32acc,f32_f16_f16_f16,empty_matched_f32acc,8,5,4096,1,32768,798955,24.38217163,0,0
bench_empty_matched_f32acc,f32_f16_f16_f16,empty_matched_f32acc,8,6,4096,1,32768,798956,24.38220215,0,0
bench_empty_matched_f32acc,f32_f16_f16_f16,empty_matched_f32acc,8,7,4096,1,32768,798894,24.38031006,0,0
bench_empty_matched_f32acc,f32_f16_f16_f16,empty_matched_f32acc,8,8,4096,1,32768,798956,24.38220215,0,0
bench_empty_matched_f32acc,f32_f16_f16_f16,empty_matched_f32acc,8,9,4096,1,32768,798955,24.38217163,0,0
bench_mma_f16_indep,f16_f16_f16_f16,indep,2,0,4096,1,8192,475184,58.00585938,0,0
bench_mma_f16_indep,f16_f16_f16_f16,indep,2,1,4096,1,8192,475306,58.02075195,0,0
bench_mma_f16_indep,f16_f16_f16_f16,indep,2,2,4096,1,8192,475184,58.00585938,0,0
bench_mma_f16_indep,f16_f16_f16_f16,indep,2,3,4096,1,8192,475245,58.01330566,0,0
bench_mma_f16_indep,f16_f16_f16_f16,indep,2,4,4096,1,8192,475184,58.00585938,0,0
bench_mma_f16_indep,f16_f16_f16_f16,indep,2,5,4096,1,8192,475184,58.00585938,0,0
bench_mma_f16_indep,f16_f16_f16_f16,indep,2,6,4096,1,8192,475184,58.00585938,0,0
bench_mma_f16_indep,f16_f16_f16_f16,indep,2,7,4096,1,8192,475184,58.00585938,0,0
bench_mma_f16_indep,f16_f16_f16_f16,indep,2,8,4096,1,8192,475245,58.01330566,0,0
bench_mma_f16_indep,f16_f16_f16_f16,indep,2,9,4096,1,8192,475184,58.00585938,0,0
bench_mma_f16_indep,f16_f16_f16_f16,indep,4,0,4096,1,16384,487479,29.75335693,0,0
bench_mma_f16_indep,f16_f16_f16_f16,indep,4,1,4096,1,16384,487540,29.75708008,0,0
bench_mma_f16_indep,f16_f16_f16_f16,indep,4,2,4096,1,16384,487479,29.75335693,0,0
bench_mma_f16_indep,f16_f16_f16_f16,indep,4,3,4096,1,16384,487540,29.75708008,0,0
bench_mma_f16_indep,f16_f16_f16_f16,indep,4,4,4096,1,16384,487479,29.75335693,0,0
bench_mma_f16_indep,f16_f16_f16_f16,indep,4,5,4096,1,16384,487540,29.75708008,0,0
bench_mma_f16_indep,f16_f16_f16_f16,indep,4,6,4096,1,16384,487479,29.75335693,0,0
bench_mma_f16_indep,f16_f16_f16_f16,indep,4,7,4096,1,16384,487601,29.76080322,0,0
bench_mma_f16_indep,f16_f16_f16_f16,indep,4,8,4096,1,16384,487479,29.75335693,0,0
bench_mma_f16_indep,f16_f16_f16_f16,indep,4,9,4096,1,16384,487601,29.76080322,0,0
bench_mma_f16_indep,f16_f16_f16_f16,indep,8,0,4096,1,32768,581802,17.75518799,0,0
bench_mma_f16_indep,f16_f16_f16_f16,indep,8,1,4096,1,32768,581680,17.75146484,0,0
bench_mma_f16_indep,f16_f16_f16_f16,indep,8,2,4096,1,32768,581802,17.75518799,0,0
bench_mma_f16_indep,f16_f16_f16_f16,indep,8,3,4096,1,32768,581680,17.75146484,0,0
bench_mma_f16_indep,f16_f16_f16_f16,indep,8,4,4096,1,32768,581680,17.75146484,0,0
bench_mma_f16_indep,f16_f16_f16_f16,indep,8,5,4096,1,32768,581802,17.75518799,0,0
bench_mma_f16_indep,f16_f16_f16_f16,indep,8,6,4096,1,32768,581680,17.75146484,0,0
bench_mma_f16_indep,f16_f16_f16_f16,indep,8,7,4096,1,32768,581741,17.75332642,0,0
bench_mma_f16_indep,f16_f16_f16_f16,indep,8,8,4096,1,32768,581680,17.75146484,0,0
bench_mma_f16_indep,f16_f16_f16_f16,indep,8,9,4096,1,32768,581802,17.75518799,0,0
bench_mma_f32acc,f32_f16_f16_f16,fixedc,1,0,4096,1,4096,397354,97.01025391,0,0
bench_mma_f32acc,f32_f16_f16_f16,fixedc,1,1,4096,1,4096,397475,97.03979492,0,0
bench_mma_f32acc,f32_f16_f16_f16,fixedc,1,2,4096,1,4096,397354,97.01025391,0,0
bench_mma_f32acc,f32_f16_f16_f16,fixedc,1,3,4096,1,4096,397354,97.01025391,0,0
bench_mma_f32acc,f32_f16_f16_f16,fixedc,1,4,4096,1,4096,397414,97.02490234,0,0
bench_mma_f32acc,f32_f16_f16_f16,fixedc,1,5,4096,1,4096,397354,97.01025391,0,0
bench_mma_f32acc,f32_f16_f16_f16,fixedc,1,6,4096,1,4096,397475,97.03979492,0,0
bench_mma_f32acc,f32_f16_f16_f16,fixedc,1,7,4096,1,4096,397354,97.01025391,0,0
bench_mma_f32acc,f32_f16_f16_f16,fixedc,1,8,4096,1,4096,397354,97.01025391,0,0
bench_mma_f32acc,f32_f16_f16_f16,fixedc,1,9,4096,1,4096,397475,97.03979492,0,0
bench_mma_f32acc,f32_f16_f16_f16,fixedc_indep,2,0,4096,1,8192,700455,85.50476074,0,0
bench_mma_f32acc,f32_f16_f16_f16,fixedc_indep,2,1,4096,1,8192,700573,85.51916504,0,0
bench_mma_f32acc,f32_f16_f16_f16,fixedc_indep,2,2,4096,1,8192,700573,85.51916504,0,0
bench_mma_f32acc,f32_f16_f16_f16,fixedc_indep,2,3,4096,1,8192,700455,85.50476074,0,0
bench_mma_f32acc,f32_f16_f16_f16,fixedc_indep,2,4,4096,1,8192,700512,85.51171875,0,0
bench_mma_f32acc,f32_f16_f16_f16,fixedc_indep,2,5,4096,1,8192,700573,85.51916504,0,0
bench_mma_f32acc,f32_f16_f16_f16,fixedc_indep,2,6,4096,1,8192,700455,85.50476074,0,0
bench_mma_f32acc,f32_f16_f16_f16,fixedc_indep,2,7,4096,1,8192,700512,85.51171875,0,0
bench_mma_f32acc,f32_f16_f16_f16,fixedc_indep,2,8,4096,1,8192,700573,85.51916504,0,0
bench_mma_f32acc,f32_f16_f16_f16,fixedc_indep,2,9,4096,1,8192,700577,85.51965332,0,0
bench_mma_f32acc,f32_f16_f16_f16,fixedc_indep,4,0,4096,1,16384,1171678,71.51354980,0,0
bench_mma_f32acc,f32_f16_f16_f16,fixedc_indep,4,1,4096,1,16384,1171554,71.50598145,0,0
bench_mma_f32acc,f32_f16_f16_f16,fixedc_indep,4,2,4096,1,16384,1171554,71.50598145,0,0
bench_mma_f32acc,f32_f16_f16_f16,fixedc_indep,4,3,4096,1,16384,1171554,71.50598145,0,0
bench_mma_f32acc,f32_f16_f16_f16,fixedc_indep,4,4,4096,1,16384,1171554,71.50598145,0,0
bench_mma_f32acc,f32_f16_f16_f16,fixedc_indep,4,5,4096,1,16384,1171556,71.50610352,0,0
bench_mma_f32acc,f32_f16_f16_f16,fixedc_indep,4,6,4096,1,16384,1171615,71.50970459,0,0
bench_mma_f32acc,f32_f16_f16_f16,fixedc_indep,4,7,4096,1,16384,1171554,71.50598145,0,0
bench_mma_f32acc,f32_f16_f16_f16,fixedc_indep,4,8,4096,1,16384,1171554,71.50598145,0,0
bench_mma_f32acc,f32_f16_f16_f16,fixedc_indep,4,9,4096,1,16384,1171617,71.50982666,0,0
bench_mma_f32acc,f32_f16_f16_f16,fixedc_indep,8,0,4096,1,32768,577588,17.62658691,0,0
bench_mma_f32acc,f32_f16_f16_f16,fixedc_indep,8,1,4096,1,32768,577649,17.62844849,0,0
bench_mma_f32acc,f32_f16_f16_f16,fixedc_indep,8,2,4096,1,32768,577588,17.62658691,0,0
bench_mma_f32acc,f32_f16_f16_f16,fixedc_indep,8,3,4096,1,32768,577649,17.62844849,0,0
bench_mma_f32acc,f32_f16_f16_f16,fixedc_indep,8,4,4096,1,32768,577649,17.62844849,0,0
bench_mma_f32acc,f32_f16_f16_f16,fixedc_indep,8,5,4096,1,32768,577588,17.62658691,0,0
bench_mma_f32acc,f32_f16_f16_f16,fixedc_indep,8,6,4096,1,32768,577649,17.62844849,0,0
bench_mma_f32acc,f32_f16_f16_f16,fixedc_indep,8,7,4096,1,32768,577588,17.62658691,0,0
bench_mma_f32acc,f32_f16_f16_f16,fixedc_indep,8,8,4096,1,32768,577649,17.62844849,0,0
bench_mma_f32acc,f32_f16_f16_f16,fixedc_indep,8,9,4096,1,32768,577588,17.62658691,0,0
bench_empty,none,empty,0,0,4096,2,0,286780,0.00000000,11271998016532867392,15395062794224256533
bench_empty,none,empty,0,1,4096,2,0,286780,0.00000000,11271998016532867392,15395062794224256533
bench_empty,none,empty,0,2,4096,2,0,286841,0.00000000,11271998016532867392,15395062794224256533
bench_empty,none,empty,0,3,4096,2,0,286780,0.00000000,11271998016532867392,15395062794224256533
bench_empty,none,empty,0,4,4096,2,0,286780,0.00000000,11271998016532867392,15395062794224256533
bench_empty,none,empty,0,5,4096,2,0,286841,0.00000000,11271998016532867392,15395062794224256533
bench_empty,none,empty,0,6,4096,2,0,286780,0.00000000,11271998016532867392,15395062794224256533
bench_empty,none,empty,0,7,4096,2,0,286780,0.00000000,11271998016532867392,15395062794224256533
bench_empty,none,empty,0,8,4096,2,0,286902,0.00000000,11271998016532867392,15395062794224256533
bench_empty,none,empty,0,9,4096,2,0,286780,0.00000000,11271998016532867392,15395062794224256533
bench_empty_matched_dep,f16_f16_f16_f16,empty_matched_dep,1,0,4096,2,8192,253986,31.00415039,126812160,126812160
bench_empty_matched_dep,f16_f16_f16_f16,empty_matched_dep,1,1,4096,2,8192,253986,31.00415039,126812160,126812160
bench_empty_matched_dep,f16_f16_f16_f16,empty_matched_dep,1,2,4096,2,8192,253986,31.00415039,126812160,126812160
bench_empty_matched_dep,f16_f16_f16_f16,empty_matched_dep,1,3,4096,2,8192,253986,31.00415039,126812160,126812160
bench_empty_matched_dep,f16_f16_f16_f16,empty_matched_dep,1,4,4096,2,8192,253986,31.00415039,126812160,126812160
bench_empty_matched_dep,f16_f16_f16_f16,empty_matched_dep,1,5,4096,2,8192,254047,31.01159668,126812160,126812160
bench_empty_matched_dep,f16_f16_f16_f16,empty_matched_dep,1,6,4096,2,8192,253986,31.00415039,126812160,126812160
bench_empty_matched_dep,f16_f16_f16_f16,empty_matched_dep,1,7,4096,2,8192,253986,31.00415039,126812160,126812160
bench_empty_matched_dep,f16_f16_f16_f16,empty_matched_dep,1,8,4096,2,8192,253986,31.00415039,126812160,126812160
bench_empty_matched_dep,f16_f16_f16_f16,empty_matched_dep,1,9,4096,2,8192,254047,31.01159668,126812160,126812160
bench_mma_f16_dep,f16_f16_f16_f16,dep,1,0,4096,2,8192,463008,56.51953125,8070573679429316608,8070573679429316608
bench_mma_f16_dep,f16_f16_f16_f16,dep,1,1,4096,2,8192,462887,56.50476074,8070573679429316608,8070573679429316608
bench_mma_f16_dep,f16_f16_f16_f16,dep,1,2,4096,2,8192,463009,56.51965332,8070573679429316608,8070573679429316608
bench_mma_f16_dep,f16_f16_f16_f16,dep,1,3,4096,2,8192,462887,56.50476074,8070573679429316608,8070573679429316608
bench_mma_f16_dep,f16_f16_f16_f16,dep,1,4,4096,2,8192,462947,56.51208496,8070573679429316608,8070573679429316608
bench_mma_f16_dep,f16_f16_f16_f16,dep,1,5,4096,2,8192,462887,56.50476074,8070573679429316608,8070573679429316608
bench_mma_f16_dep,f16_f16_f16_f16,dep,1,6,4096,2,8192,462947,56.51208496,8070573679429316608,8070573679429316608
bench_mma_f16_dep,f16_f16_f16_f16,dep,1,7,4096,2,8192,462887,56.50476074,8070573679429316608,8070573679429316608
bench_mma_f16_dep,f16_f16_f16_f16,dep,1,8,4096,2,8192,462947,56.51208496,8070573679429316608,8070573679429316608
bench_mma_f16_dep,f16_f16_f16_f16,dep,1,9,4096,2,8192,462887,56.50476074,8070573679429316608,8070573679429316608
bench_empty_matched_f32dep,f32_f16_f16_f32,empty_matched_f32dep,1,0,4096,2,8192,389163,47.50524902,0,0
bench_empty_matched_f32dep,f32_f16_f16_f32,empty_matched_f32dep,1,1,4096,2,8192,389163,47.50524902,0,0
bench_empty_matched_f32dep,f32_f16_f16_f32,empty_matched_f32dep,1,2,4096,2,8192,389285,47.52014160,0,0
bench_empty_matched_f32dep,f32_f16_f16_f32,empty_matched_f32dep,1,3,4096,2,8192,389163,47.50524902,0,0
bench_empty_matched_f32dep,f32_f16_f16_f32,empty_matched_f32dep,1,4,4096,2,8192,389224,47.51269531,0,0
bench_empty_matched_f32dep,f32_f16_f16_f32,empty_matched_f32dep,1,5,4096,2,8192,389163,47.50524902,0,0
bench_empty_matched_f32dep,f32_f16_f16_f32,empty_matched_f32dep,1,6,4096,2,8192,389163,47.50524902,0,0
bench_empty_matched_f32dep,f32_f16_f16_f32,empty_matched_f32dep,1,7,4096,2,8192,389285,47.52014160,0,0
bench_empty_matched_f32dep,f32_f16_f16_f32,empty_matched_f32dep,1,8,4096,2,8192,389163,47.50524902,0,0
bench_empty_matched_f32dep,f32_f16_f16_f32,empty_matched_f32dep,1,9,4096,2,8192,389285,47.52014160,0,0
bench_mma_f32_dep,f32_f16_f16_f32,dep,1,0,4096,2,8192,540715,66.00524902,0,0
bench_mma_f32_dep,f32_f16_f16_f32,dep,1,1,4096,2,8192,540835,66.01989746,0,0
bench_mma_f32_dep,f32_f16_f16_f32,dep,1,2,4096,2,8192,540715,66.00524902,0,0
bench_mma_f32_dep,f32_f16_f16_f32,dep,1,3,4096,2,8192,540835,66.01989746,0,0
bench_mma_f32_dep,f32_f16_f16_f32,dep,1,4,4096,2,8192,540715,66.00524902,0,0
bench_mma_f32_dep,f32_f16_f16_f32,dep,1,5,4096,2,8192,540774,66.01245117,0,0
bench_mma_f32_dep,f32_f16_f16_f32,dep,1,6,4096,2,8192,540837,66.02014160,0,0
bench_mma_f32_dep,f32_f16_f16_f32,dep,1,7,4096,2,8192,540715,66.00524902,0,0
bench_mma_f32_dep,f32_f16_f16_f32,dep,1,8,4096,2,8192,540776,66.01269531,0,0
bench_mma_f32_dep,f32_f16_f16_f32,dep,1,9,4096,2,8192,540715,66.00524902,0,0
bench_empty_matched_f32acc,f32_f16_f16_f16,empty_matched_f32acc,1,0,4096,2,8192,397353,48.50500488,9115287258532938103,982722877291976
bench_empty_matched_f32acc,f32_f16_f16_f16,empty_matched_f32acc,1,1,4096,2,8192,397475,48.51989746,9115287258532938103,982722877291976
bench_empty_matched_f32acc,f32_f16_f16_f16,empty_matched_f32acc,1,2,4096,2,8192,397353,48.50500488,9115287258532938103,982722877291976
bench_empty_matched_f32acc,f32_f16_f16_f16,empty_matched_f32acc,1,3,4096,2,8192,397353,48.50500488,9115287258532938103,982722877291976
bench_empty_matched_f32acc,f32_f16_f16_f16,empty_matched_f32acc,1,4,4096,2,8192,397475,48.51989746,9115287258532938103,982722877291976
bench_empty_matched_f32acc,f32_f16_f16_f16,empty_matched_f32acc,1,5,4096,2,8192,397353,48.50500488,9115287258532938103,982722877291976
bench_empty_matched_f32acc,f32_f16_f16_f16,empty_matched_f32acc,1,6,4096,2,8192,397414,48.51245117,9115287258532938103,982722877291976
bench_empty_matched_f32acc,f32_f16_f16_f16,empty_matched_f32acc,1,7,4096,2,8192,397353,48.50500488,9115287258532938103,982722877291976
bench_empty_matched_f32acc,f32_f16_f16_f16,empty_matched_f32acc,1,8,4096,2,8192,397353,48.50500488,9115287258532938103,982722877291976
bench_empty_matched_f32acc,f32_f16_f16_f16,empty_matched_f32acc,1,9,4096,2,8192,397475,48.51989746,9115287258532938103,982722877291976
bench_empty_matched_f32acc,f32_f16_f16_f16,empty_matched_f32acc,2,0,4096,2,16384,528486,32.25622559,0,0
bench_empty_matched_f32acc,f32_f16_f16_f16,empty_matched_f32acc,2,1,4096,2,16384,528425,32.25250244,0,0
bench_empty_matched_f32acc,f32_f16_f16_f16,empty_matched_f32acc,2,2,4096,2,16384,528486,32.25622559,0,0
bench_empty_matched_f32acc,f32_f16_f16_f16,empty_matched_f32acc,2,3,4096,2,16384,528425,32.25250244,0,0
bench_empty_matched_f32acc,f32_f16_f16_f16,empty_matched_f32acc,2,4,4096,2,16384,528547,32.25994873,0,0
bench_empty_matched_f32acc,f32_f16_f16_f16,empty_matched_f32acc,2,5,4096,2,16384,528425,32.25250244,0,0
bench_empty_matched_f32acc,f32_f16_f16_f16,empty_matched_f32acc,2,6,4096,2,16384,528547,32.25994873,0,0
bench_empty_matched_f32acc,f32_f16_f16_f16,empty_matched_f32acc,2,7,4096,2,16384,528425,32.25250244,0,0
bench_empty_matched_f32acc,f32_f16_f16_f16,empty_matched_f32acc,2,8,4096,2,16384,528486,32.25622559,0,0
bench_empty_matched_f32acc,f32_f16_f16_f16,empty_matched_f32acc,2,9,4096,2,16384,528425,32.25250244,0,0
bench_empty_matched_f32acc,f32_f16_f16_f16,empty_matched_f32acc,4,0,4096,2,32768,790632,24.12817383,0,0
bench_empty_matched_f32acc,f32_f16_f16_f16,empty_matched_f32acc,4,1,4096,2,32768,790693,24.13003540,0,0
bench_empty_matched_f32acc,f32_f16_f16_f16,empty_matched_f32acc,4,2,4096,2,32768,790632,24.12817383,0,0
bench_empty_matched_f32acc,f32_f16_f16_f16,empty_matched_f32acc,4,3,4096,2,32768,790571,24.12631226,0,0
bench_empty_matched_f32acc,f32_f16_f16_f16,empty_matched_f32acc,4,4,4096,2,32768,790632,24.12817383,0,0
bench_empty_matched_f32acc,f32_f16_f16_f16,empty_matched_f32acc,4,5,4096,2,32768,790632,24.12817383,0,0
bench_empty_matched_f32acc,f32_f16_f16_f16,empty_matched_f32acc,4,6,4096,2,32768,790632,24.12817383,0,0
bench_empty_matched_f32acc,f32_f16_f16_f16,empty_matched_f32acc,4,7,4096,2,32768,790632,24.12817383,0,0
bench_empty_matched_f32acc,f32_f16_f16_f16,empty_matched_f32acc,4,8,4096,2,32768,790571,24.12631226,0,0
bench_empty_matched_f32acc,f32_f16_f16_f16,empty_matched_f32acc,4,9,4096,2,32768,790632,24.12817383,0,0
bench_empty_matched_f32acc,f32_f16_f16_f16,empty_matched_f32acc,8,0,4096,2,65536,1315111,20.06700134,0,0
bench_empty_matched_f32acc,f32_f16_f16_f16,empty_matched_f32acc,8,1,4096,2,65536,1315046,20.06600952,0,0
bench_empty_matched_f32acc,f32_f16_f16_f16,empty_matched_f32acc,8,2,4096,2,65536,1315111,20.06700134,0,0
bench_empty_matched_f32acc,f32_f16_f16_f16,empty_matched_f32acc,8,3,4096,2,65536,1315046,20.06600952,0,0
bench_empty_matched_f32acc,f32_f16_f16_f16,empty_matched_f32acc,8,4,4096,2,65536,1315108,20.06695557,0,0
bench_empty_matched_f32acc,f32_f16_f16_f16,empty_matched_f32acc,8,5,4096,2,65536,1315107,20.06694031,0,0
bench_empty_matched_f32acc,f32_f16_f16_f16,empty_matched_f32acc,8,6,4096,2,65536,1315111,20.06700134,0,0
bench_empty_matched_f32acc,f32_f16_f16_f16,empty_matched_f32acc,8,7,4096,2,65536,1315046,20.06600952,0,0
bench_empty_matched_f32acc,f32_f16_f16_f16,empty_matched_f32acc,8,8,4096,2,65536,1315108,20.06695557,0,0
bench_empty_matched_f32acc,f32_f16_f16_f16,empty_matched_f32acc,8,9,4096,2,65536,1315046,20.06600952,0,0
bench_mma_f16_indep,f16_f16_f16_f16,indep,2,0,4096,2,16384,495786,30.26037598,0,0
bench_mma_f16_indep,f16_f16_f16_f16,indep,2,1,4096,2,16384,495664,30.25292969,0,0
bench_mma_f16_indep,f16_f16_f16_f16,indep,2,2,4096,2,16384,495725,30.25665283,0,0
bench_mma_f16_indep,f16_f16_f16_f16,indep,2,3,4096,2,16384,495664,30.25292969,0,0
bench_mma_f16_indep,f16_f16_f16_f16,indep,2,4,4096,2,16384,495725,30.25665283,0,0
bench_mma_f16_indep,f16_f16_f16_f16,indep,2,5,4096,2,16384,495664,30.25292969,0,0
bench_mma_f16_indep,f16_f16_f16_f16,indep,2,6,4096,2,16384,495786,30.26037598,0,0
bench_mma_f16_indep,f16_f16_f16_f16,indep,2,7,4096,2,16384,495664,30.25292969,0,0
bench_mma_f16_indep,f16_f16_f16_f16,indep,2,8,4096,2,16384,495725,30.25665283,0,0
bench_mma_f16_indep,f16_f16_f16_f16,indep,2,9,4096,2,16384,495664,30.25292969,0,0
bench_mma_f16_indep,f16_f16_f16_f16,indep,4,0,4096,2,32768,475191,14.50167847,0,0
bench_mma_f16_indep,f16_f16_f16_f16,indep,4,1,4096,2,32768,475252,14.50354004,0,0
bench_mma_f16_indep,f16_f16_f16_f16,indep,4,2,4096,2,32768,475191,14.50167847,0,0
bench_mma_f16_indep,f16_f16_f16_f16,indep,4,3,4096,2,32768,475313,14.50540161,0,0
bench_mma_f16_indep,f16_f16_f16_f16,indep,4,4,4096,2,32768,475191,14.50167847,0,0
bench_mma_f16_indep,f16_f16_f16_f16,indep,4,5,4096,2,32768,475252,14.50354004,0,0
bench_mma_f16_indep,f16_f16_f16_f16,indep,4,6,4096,2,32768,475191,14.50167847,0,0
bench_mma_f16_indep,f16_f16_f16_f16,indep,4,7,4096,2,32768,475191,14.50167847,0,0
bench_mma_f16_indep,f16_f16_f16_f16,indep,4,8,4096,2,32768,475191,14.50167847,0,0
bench_mma_f16_indep,f16_f16_f16_f16,indep,4,9,4096,2,32768,475191,14.50167847,0,0
bench_mma_f16_indep,f16_f16_f16_f16,indep,8,0,4096,2,65536,876650,13.37661743,0,0
bench_mma_f16_indep,f16_f16_f16_f16,indep,8,1,4096,2,65536,876650,13.37661743,0,0
bench_mma_f16_indep,f16_f16_f16_f16,indep,8,2,4096,2,65536,876711,13.37754822,0,0
bench_mma_f16_indep,f16_f16_f16_f16,indep,8,3,4096,2,65536,876650,13.37661743,0,0
bench_mma_f16_indep,f16_f16_f16_f16,indep,8,4,4096,2,65536,876650,13.37661743,0,0
bench_mma_f16_indep,f16_f16_f16_f16,indep,8,5,4096,2,65536,876589,13.37568665,0,0
bench_mma_f16_indep,f16_f16_f16_f16,indep,8,6,4096,2,65536,876650,13.37661743,0,0
bench_mma_f16_indep,f16_f16_f16_f16,indep,8,7,4096,2,65536,876650,13.37661743,0,0
bench_mma_f16_indep,f16_f16_f16_f16,indep,8,8,4096,2,65536,876650,13.37661743,0,0
bench_mma_f16_indep,f16_f16_f16_f16,indep,8,9,4096,2,65536,876650,13.37661743,0,0
bench_mma_f32acc,f32_f16_f16_f16,fixedc,1,0,4096,2,8192,376996,46.02001953,0,0
bench_mma_f32acc,f32_f16_f16_f16,fixedc,1,1,4096,2,8192,376874,46.00512695,0,0
bench_mma_f32acc,f32_f16_f16_f16,fixedc,1,2,4096,2,8192,376874,46.00512695,0,0
bench_mma_f32acc,f32_f16_f16_f16,fixedc,1,3,4096,2,8192,376935,46.01257324,0,0
bench_mma_f32acc,f32_f16_f16_f16,fixedc,1,4,4096,2,8192,376874,46.00512695,0,0
bench_mma_f32acc,f32_f16_f16_f16,fixedc,1,5,4096,2,8192,376995,46.01989746,0,0
bench_mma_f32acc,f32_f16_f16_f16,fixedc,1,6,4096,2,8192,376874,46.00512695,0,0
bench_mma_f32acc,f32_f16_f16_f16,fixedc,1,7,4096,2,8192,376874,46.00512695,0,0
bench_mma_f32acc,f32_f16_f16_f16,fixedc,1,8,4096,2,8192,376935,46.01257324,0,0
bench_mma_f32acc,f32_f16_f16_f16,fixedc,1,9,4096,2,8192,376874,46.00512695,0,0
bench_mma_f32acc,f32_f16_f16_f16,fixedc_indep,2,0,4096,2,16384,680093,41.50958252,0,0
bench_mma_f32acc,f32_f16_f16_f16,fixedc_indep,2,1,4096,2,16384,679975,41.50238037,0,0
bench_mma_f32acc,f32_f16_f16_f16,fixedc_indep,2,2,4096,2,16384,680032,41.50585938,0,0
bench_mma_f32acc,f32_f16_f16_f16,fixedc_indep,2,3,4096,2,16384,680097,41.50982666,0,0
bench_mma_f32acc,f32_f16_f16_f16,fixedc_indep,2,4,4096,2,16384,679975,41.50238037,0,0
bench_mma_f32acc,f32_f16_f16_f16,fixedc_indep,2,5,4096,2,16384,680032,41.50585938,0,0
bench_mma_f32acc,f32_f16_f16_f16,fixedc_indep,2,6,4096,2,16384,680097,41.50982666,0,0
bench_mma_f32acc,f32_f16_f16_f16,fixedc_indep,2,7,4096,2,16384,679975,41.50238037,0,0
bench_mma_f32acc,f32_f16_f16_f16,fixedc_indep,2,8,4096,2,16384,680097,41.50982666,0,0
bench_mma_f32acc,f32_f16_f16_f16,fixedc_indep,2,9,4096,2,16384,680093,41.50958252,0,0
bench_mma_f32acc,f32_f16_f16_f16,fixedc_indep,4,0,4096,2,32768,1126498,34.37799072,0,0
bench_mma_f32acc,f32_f16_f16_f16,fixedc_indep,4,1,4096,2,32768,1126498,34.37799072,0,0
bench_mma_f32acc,f32_f16_f16_f16,fixedc_indep,4,2,4096,2,32768,1126498,34.37799072,0,0
bench_mma_f32acc,f32_f16_f16_f16,fixedc_indep,4,3,4096,2,32768,1126498,34.37799072,0,0
bench_mma_f32acc,f32_f16_f16_f16,fixedc_indep,4,4,4096,2,32768,1126559,34.37985229,0,0
bench_mma_f32acc,f32_f16_f16_f16,fixedc_indep,4,5,4096,2,32768,1126498,34.37799072,0,0
bench_mma_f32acc,f32_f16_f16_f16,fixedc_indep,4,6,4096,2,32768,1126557,34.37979126,0,0
bench_mma_f32acc,f32_f16_f16_f16,fixedc_indep,4,7,4096,2,32768,1126498,34.37799072,0,0
bench_mma_f32acc,f32_f16_f16_f16,fixedc_indep,4,8,4096,2,32768,1126561,34.37991333,0,0
bench_mma_f32acc,f32_f16_f16_f16,fixedc_indep,4,9,4096,2,32768,1126498,34.37799072,0,0
bench_mma_f32acc,f32_f16_f16_f16,fixedc_indep,8,0,4096,2,65536,868520,13.25256348,0,0
bench_mma_f32acc,f32_f16_f16_f16,fixedc_indep,8,1,4096,2,65536,868459,13.25163269,0,0
bench_mma_f32acc,f32_f16_f16_f16,fixedc_indep,8,2,4096,2,65536,868398,13.25070190,0,0
bench_mma_f32acc,f32_f16_f16_f16,fixedc_indep,8,3,4096,2,65536,868459,13.25163269,0,0
bench_mma_f32acc,f32_f16_f16_f16,fixedc_indep,8,4,4096,2,65536,868459,13.25163269,0,0
bench_mma_f32acc,f32_f16_f16_f16,fixedc_indep,8,5,4096,2,65536,868459,13.25163269,0,0
bench_mma_f32acc,f32_f16_f16_f16,fixedc_indep,8,6,4096,2,65536,868459,13.25163269,0,0
bench_mma_f32acc,f32_f16_f16_f16,fixedc_indep,8,7,4096,2,65536,868459,13.25163269,0,0
bench_mma_f32acc,f32_f16_f16_f16,fixedc_indep,8,8,4096,2,65536,868459,13.25163269,0,0
bench_mma_f32acc,f32_f16_f16_f16,fixedc_indep,8,9,4096,2,65536,868398,13.25070190,0,0
bench_empty,none,empty,0,0,4096,4,0,393398,0.00000000,7973779793890904384,8150688543821317653
bench_empty,none,empty,0,1,4096,4,0,393276,0.00000000,7973779793890904384,8150688543821317653
bench_empty,none,empty,0,2,4096,4,0,393337,0.00000000,7973779793890904384,8150688543821317653
bench_empty,none,empty,0,3,4096,4,0,393276,0.00000000,7973779793890904384,8150688543821317653
bench_empty,none,empty,0,4,4096,4,0,393276,0.00000000,7973779793890904384,8150688543821317653
bench_empty,none,empty,0,5,4096,4,0,393398,0.00000000,7973779793890904384,8150688543821317653
bench_empty,none,empty,0,6,4096,4,0,393276,0.00000000,7973779793890904384,8150688543821317653
bench_empty,none,empty,0,7,4096,4,0,393337,0.00000000,7973779793890904384,8150688543821317653
bench_empty,none,empty,0,8,4096,4,0,393276,0.00000000,7973779793890904384,8150688543821317653
bench_empty,none,empty,0,9,4096,4,0,393276,0.00000000,7973779793890904384,8150688543821317653
bench_empty_matched_dep,f16_f16_f16_f16,empty_matched_dep,1,0,4096,4,16384,253986,15.50207520,252641280,252641280
bench_empty_matched_dep,f16_f16_f16_f16,empty_matched_dep,1,1,4096,4,16384,253986,15.50207520,252641280,252641280
bench_empty_matched_dep,f16_f16_f16_f16,empty_matched_dep,1,2,4096,4,16384,253986,15.50207520,252641280,252641280
bench_empty_matched_dep,f16_f16_f16_f16,empty_matched_dep,1,3,4096,4,16384,254108,15.50952148,252641280,252641280
bench_empty_matched_dep,f16_f16_f16_f16,empty_matched_dep,1,4,4096,4,16384,253986,15.50207520,252641280,252641280
bench_empty_matched_dep,f16_f16_f16_f16,empty_matched_dep,1,5,4096,4,16384,253986,15.50207520,252641280,252641280
bench_empty_matched_dep,f16_f16_f16_f16,empty_matched_dep,1,6,4096,4,16384,254108,15.50952148,252641280,252641280
bench_empty_matched_dep,f16_f16_f16_f16,empty_matched_dep,1,7,4096,4,16384,253986,15.50207520,252641280,252641280
bench_empty_matched_dep,f16_f16_f16_f16,empty_matched_dep,1,8,4096,4,16384,253986,15.50207520,252641280,252641280
bench_empty_matched_dep,f16_f16_f16_f16,empty_matched_dep,1,9,4096,4,16384,253986,15.50207520,252641280,252641280
bench_mma_f16_dep,f16_f16_f16_f16,dep,1,0,4096,4,16384,467105,28.50982666,8070573679429316608,8070573679429316608
bench_mma_f16_dep,f16_f16_f16_f16,dep,1,1,4096,4,16384,466983,28.50238037,8070573679429316608,8070573679429316608
bench_mma_f16_dep,f16_f16_f16_f16,dep,1,2,4096,4,16384,467105,28.50982666,8070573679429316608,8070573679429316608
bench_mma_f16_dep,f16_f16_f16_f16,dep,1,3,4096,4,16384,466983,28.50238037,8070573679429316608,8070573679429316608
bench_mma_f16_dep,f16_f16_f16_f16,dep,1,4,4096,4,16384,467105,28.50982666,8070573679429316608,8070573679429316608
bench_mma_f16_dep,f16_f16_f16_f16,dep,1,5,4096,4,16384,466983,28.50238037,8070573679429316608,8070573679429316608
bench_mma_f16_dep,f16_f16_f16_f16,dep,1,6,4096,4,16384,466983,28.50238037,8070573679429316608,8070573679429316608
bench_mma_f16_dep,f16_f16_f16_f16,dep,1,7,4096,4,16384,466983,28.50238037,8070573679429316608,8070573679429316608
bench_mma_f16_dep,f16_f16_f16_f16,dep,1,8,4096,4,16384,466983,28.50238037,8070573679429316608,8070573679429316608
bench_mma_f16_dep,f16_f16_f16_f16,dep,1,9,4096,4,16384,467044,28.50610352,8070573679429316608,8070573679429316608
bench_empty_matched_f32dep,f32_f16_f16_f32,empty_matched_f32dep,1,0,4096,4,16384,507943,31.00238037,0,0
bench_empty_matched_f32dep,f32_f16_f16_f32,empty_matched_f32dep,1,1,4096,4,16384,507943,31.00238037,0,0
bench_empty_matched_f32dep,f32_f16_f16_f32,empty_matched_f32dep,1,2,4096,4,16384,508065,31.00982666,0,0
bench_empty_matched_f32dep,f32_f16_f16_f32,empty_matched_f32dep,1,3,4096,4,16384,507943,31.00238037,0,0
bench_empty_matched_f32dep,f32_f16_f16_f32,empty_matched_f32dep,1,4,4096,4,16384,508066,31.00988770,0,0
bench_empty_matched_f32dep,f32_f16_f16_f32,empty_matched_f32dep,1,5,4096,4,16384,507943,31.00238037,0,0
bench_empty_matched_f32dep,f32_f16_f16_f32,empty_matched_f32dep,1,6,4096,4,16384,508004,31.00610352,0,0
bench_empty_matched_f32dep,f32_f16_f16_f32,empty_matched_f32dep,1,7,4096,4,16384,507943,31.00238037,0,0
bench_empty_matched_f32dep,f32_f16_f16_f32,empty_matched_f32dep,1,8,4096,4,16384,508004,31.00610352,0,0
bench_empty_matched_f32dep,f32_f16_f16_f32,empty_matched_f32dep,1,9,4096,4,16384,507943,31.00238037,0,0
bench_mma_f32_dep,f32_f16_f16_f32,dep,1,0,4096,4,16384,528488,32.25634766,0,0
bench_mma_f32_dep,f32_f16_f16_f32,dep,1,1,4096,4,16384,528427,32.25262451,0,0
bench_mma_f32_dep,f32_f16_f16_f32,dep,1,2,4096,4,16384,528488,32.25634766,0,0
bench_mma_f32_dep,f32_f16_f16_f32,dep,1,3,4096,4,16384,528427,32.25262451,0,0
bench_mma_f32_dep,f32_f16_f16_f32,dep,1,4,4096,4,16384,528549,32.26007080,0,0
bench_mma_f32_dep,f32_f16_f16_f32,dep,1,5,4096,4,16384,528427,32.25262451,0,0
bench_mma_f32_dep,f32_f16_f16_f32,dep,1,6,4096,4,16384,528549,32.26007080,0,0
bench_mma_f32_dep,f32_f16_f16_f32,dep,1,7,4096,4,16384,528427,32.25262451,0,0
bench_mma_f32_dep,f32_f16_f16_f32,dep,1,8,4096,4,16384,528549,32.26007080,0,0
bench_mma_f32_dep,f32_f16_f16_f32,dep,1,9,4096,4,16384,528427,32.25262451,0,0
bench_empty_matched_f32acc,f32_f16_f16_f16,empty_matched_f32acc,1,0,4096,4,16384,520349,31.75958252,9151737993147547959,420992694451940
bench_empty_matched_f32acc,f32_f16_f16_f16,empty_matched_f32acc,1,1,4096,4,16384,520227,31.75213623,9151737993147547959,420992694451940
bench_empty_matched_f32acc,f32_f16_f16_f16,empty_matched_f32acc,1,2,4096,4,16384,520288,31.75585938,9151737993147547959,420992694451940
bench_empty_matched_f32acc,f32_f16_f16_f16,empty_matched_f32acc,1,3,4096,4,16384,520227,31.75213623,9151737993147547959,420992694451940
bench_empty_matched_f32acc,f32_f16_f16_f16,empty_matched_f32acc,1,4,4096,4,16384,520349,31.75958252,9151737993147547959,420992694451940
bench_empty_matched_f32acc,f32_f16_f16_f16,empty_matched_f32acc,1,5,4096,4,16384,520227,31.75213623,9151737993147547959,420992694451940
bench_empty_matched_f32acc,f32_f16_f16_f16,empty_matched_f32acc,1,6,4096,4,16384,520288,31.75585938,9151737993147547959,420992694451940
bench_empty_matched_f32acc,f32_f16_f16_f16,empty_matched_f32acc,1,7,4096,4,16384,520227,31.75213623,9151737993147547959,420992694451940
bench_empty_matched_f32acc,f32_f16_f16_f16,empty_matched_f32acc,1,8,4096,4,16384,520288,31.75585938,9151737993147547959,420992694451940
bench_empty_matched_f32acc,f32_f16_f16_f16,empty_matched_f32acc,1,9,4096,4,16384,520227,31.75213623,9151737993147547959,420992694451940
bench_empty_matched_f32acc,f32_f16_f16_f16,empty_matched_f32acc,2,0,4096,4,32768,782493,23.87979126,0,0
bench_empty_matched_f32acc,f32_f16_f16_f16,empty_matched_f32acc,2,1,4096,4,32768,782432,23.87792969,0,0
bench_empty_matched_f32acc,f32_f16_f16_f16,empty_matched_f32acc,2,2,4096,4,32768,782371,23.87606812,0,0
bench_empty_matched_f32acc,f32_f16_f16_f16,empty_matched_f32acc,2,3,4096,4,32768,782432,23.87792969,0,0
bench_empty_matched_f32acc,f32_f16_f16_f16,empty_matched_f32acc,2,4,4096,4,32768,782432,23.87792969,0,0
bench_empty_matched_f32acc,f32_f16_f16_f16,empty_matched_f32acc,2,5,4096,4,32768,782432,23.87792969,0,0
bench_empty_matched_f32acc,f32_f16_f16_f16,empty_matched_f32acc,2,6,4096,4,32768,782371,23.87606812,0,0
bench_empty_matched_f32acc,f32_f16_f16_f16,empty_matched_f32acc,2,7,4096,4,32768,782432,23.87792969,0,0
bench_empty_matched_f32acc,f32_f16_f16_f16,empty_matched_f32acc,2,8,4096,4,32768,782432,23.87792969,0,0
bench_empty_matched_f32acc,f32_f16_f16_f16,empty_matched_f32acc,2,9,4096,4,32768,782432,23.87792969,0,0
bench_empty_matched_f32acc,f32_f16_f16_f16,empty_matched_f32acc,4,0,4096,4,65536,1306722,19.93899536,0,0
bench_empty_matched_f32acc,f32_f16_f16_f16,empty_matched_f32acc,4,1,4096,4,65536,1306844,19.94085693,0,0
bench_empty_matched_f32acc,f32_f16_f16_f16,empty_matched_f32acc,4,2,4096,4,65536,1306722,19.93899536,0,0
bench_empty_matched_f32acc,f32_f16_f16_f16,empty_matched_f32acc,4,3,4096,4,65536,1306722,19.93899536,0,0
bench_empty_matched_f32acc,f32_f16_f16_f16,empty_matched_f32acc,4,4,4096,4,65536,1306722,19.93899536,0,0
bench_empty_matched_f32acc,f32_f16_f16_f16,empty_matched_f32acc,4,5,4096,4,65536,1306844,19.94085693,0,0
bench_empty_matched_f32acc,f32_f16_f16_f16,empty_matched_f32acc,4,6,4096,4,65536,1306722,19.93899536,0,0
bench_empty_matched_f32acc,f32_f16_f16_f16,empty_matched_f32acc,4,7,4096,4,65536,1306722,19.93899536,0,0
bench_empty_matched_f32acc,f32_f16_f16_f16,empty_matched_f32acc,4,8,4096,4,65536,1306783,19.93992615,0,0
bench_empty_matched_f32acc,f32_f16_f16_f16,empty_matched_f32acc,4,9,4096,4,65536,1306722,19.93899536,0,0
bench_empty_matched_f32acc,f32_f16_f16_f16,empty_matched_f32acc,8,0,4096,4,131072,3006952,22.94122314,0,0
bench_empty_matched_f32acc,f32_f16_f16_f16,empty_matched_f32acc,8,1,4096,4,131072,3007017,22.94171906,0,0
bench_empty_matched_f32acc,f32_f16_f16_f16,empty_matched_f32acc,8,2,4096,4,131072,3007047,22.94194794,0,0
bench_empty_matched_f32acc,f32_f16_f16_f16,empty_matched_f32acc,8,3,4096,4,131072,3006986,22.94148254,0,0
bench_empty_matched_f32acc,f32_f16_f16_f16,empty_matched_f32acc,8,4,4096,4,131072,3007001,22.94159698,0,0
bench_empty_matched_f32acc,f32_f16_f16_f16,empty_matched_f32acc,8,5,4096,4,131072,3007001,22.94159698,0,0
bench_empty_matched_f32acc,f32_f16_f16_f16,empty_matched_f32acc,8,6,4096,4,131072,3007025,22.94178009,0,0
bench_empty_matched_f32acc,f32_f16_f16_f16,empty_matched_f32acc,8,7,4096,4,131072,3006989,22.94150543,0,0
bench_empty_matched_f32acc,f32_f16_f16_f16,empty_matched_f32acc,8,8,4096,4,131072,3007023,22.94176483,0,0
bench_empty_matched_f32acc,f32_f16_f16_f16,empty_matched_f32acc,8,9,4096,4,131072,3007016,22.94171143,0,0
bench_mma_f16_indep,f16_f16_f16_f16,indep,2,0,4096,4,32768,491568,15.00146484,0,0
bench_mma_f16_indep,f16_f16_f16_f16,indep,2,1,4096,4,32768,491629,15.00332642,0,0
bench_mma_f16_indep,f16_f16_f16_f16,indep,2,2,4096,4,32768,491568,15.00146484,0,0
bench_mma_f16_indep,f16_f16_f16_f16,indep,2,3,4096,4,32768,491629,15.00332642,0,0
bench_mma_f16_indep,f16_f16_f16_f16,indep,2,4,4096,4,32768,491568,15.00146484,0,0
bench_mma_f16_indep,f16_f16_f16_f16,indep,2,5,4096,4,32768,491629,15.00332642,0,0
bench_mma_f16_indep,f16_f16_f16_f16,indep,2,6,4096,4,32768,491568,15.00146484,0,0
bench_mma_f16_indep,f16_f16_f16_f16,indep,2,7,4096,4,32768,491629,15.00332642,0,0
bench_mma_f16_indep,f16_f16_f16_f16,indep,2,8,4096,4,32768,491568,15.00146484,0,0
bench_mma_f16_indep,f16_f16_f16_f16,indep,2,9,4096,4,32768,491690,15.00518799,0,0
bench_mma_f16_indep,f16_f16_f16_f16,indep,4,0,4096,4,65536,774254,11.81417847,0,0
bench_mma_f16_indep,f16_f16_f16_f16,indep,4,1,4096,4,65536,774254,11.81417847,0,0
bench_mma_f16_indep,f16_f16_f16_f16,indep,4,2,4096,4,65536,774193,11.81324768,0,0
bench_mma_f16_indep,f16_f16_f16_f16,indep,4,3,4096,4,65536,774254,11.81417847,0,0
bench_mma_f16_indep,f16_f16_f16_f16,indep,4,4,4096,4,65536,774254,11.81417847,0,0
bench_mma_f16_indep,f16_f16_f16_f16,indep,4,5,4096,4,65536,774315,11.81510925,0,0
bench_mma_f16_indep,f16_f16_f16_f16,indep,4,6,4096,4,65536,774193,11.81324768,0,0
bench_mma_f16_indep,f16_f16_f16_f16,indep,4,7,4096,4,65536,774254,11.81417847,0,0
bench_mma_f16_indep,f16_f16_f16_f16,indep,4,8,4096,4,65536,774315,11.81510925,0,0
bench_mma_f16_indep,f16_f16_f16_f16,indep,4,9,4096,4,65536,774254,11.81417847,0,0
bench_mma_f16_indep,f16_f16_f16_f16,indep,8,0,4096,4,131072,1433702,10.93827820,0,0
bench_mma_f16_indep,f16_f16_f16_f16,indep,8,1,4096,4,131072,1433763,10.93874359,0,0
bench_mma_f16_indep,f16_f16_f16_f16,indep,8,2,4096,4,131072,1433702,10.93827820,0,0
bench_mma_f16_indep,f16_f16_f16_f16,indep,8,3,4096,4,131072,1433702,10.93827820,0,0
bench_mma_f16_indep,f16_f16_f16_f16,indep,8,4,4096,4,131072,1433763,10.93874359,0,0
bench_mma_f16_indep,f16_f16_f16_f16,indep,8,5,4096,4,131072,1433702,10.93827820,0,0
bench_mma_f16_indep,f16_f16_f16_f16,indep,8,6,4096,4,131072,1433763,10.93874359,0,0
bench_mma_f16_indep,f16_f16_f16_f16,indep,8,7,4096,4,131072,1433702,10.93827820,0,0
bench_mma_f16_indep,f16_f16_f16_f16,indep,8,8,4096,4,131072,1433702,10.93827820,0,0
bench_mma_f16_indep,f16_f16_f16_f16,indep,8,9,4096,4,131072,1433824,10.93920898,0,0
bench_mma_f32acc,f32_f16_f16_f16,fixedc,1,0,4096,4,16384,364586,22.25256348,0,0
bench_mma_f32acc,f32_f16_f16_f16,fixedc,1,1,4096,4,16384,364586,22.25256348,0,0
bench_mma_f32acc,f32_f16_f16_f16,fixedc,1,2,4096,4,16384,364586,22.25256348,0,0
bench_mma_f32acc,f32_f16_f16_f16,fixedc,1,3,4096,4,16384,364708,22.26000977,0,0
bench_mma_f32acc,f32_f16_f16_f16,fixedc,1,4,4096,4,16384,364586,22.25256348,0,0
bench_mma_f32acc,f32_f16_f16_f16,fixedc,1,5,4096,4,16384,364586,22.25256348,0,0
bench_mma_f32acc,f32_f16_f16_f16,fixedc,1,6,4096,4,16384,364708,22.26000977,0,0
bench_mma_f32acc,f32_f16_f16_f16,fixedc,1,7,4096,4,16384,364586,22.25256348,0,0
bench_mma_f32acc,f32_f16_f16_f16,fixedc,1,8,4096,4,16384,364586,22.25256348,0,0
bench_mma_f32acc,f32_f16_f16_f16,fixedc,1,9,4096,4,16384,364586,22.25256348,0,0
bench_mma_f32acc,f32_f16_f16_f16,fixedc_indep,2,0,4096,4,32768,659617,20.12991333,0,0
bench_mma_f32acc,f32_f16_f16_f16,fixedc_indep,2,1,4096,4,32768,659613,20.12979126,0,0
bench_mma_f32acc,f32_f16_f16_f16,fixedc_indep,2,2,4096,4,32768,659495,20.12619019,0,0
bench_mma_f32acc,f32_f16_f16_f16,fixedc_indep,2,3,4096,4,32768,659552,20.12792969,0,0
bench_mma_f32acc,f32_f16_f16_f16,fixedc_indep,2,4,4096,4,32768,659617,20.12991333,0,0
bench_mma_f32acc,f32_f16_f16_f16,fixedc_indep,2,5,4096,4,32768,659495,20.12619019,0,0
bench_mma_f32acc,f32_f16_f16_f16,fixedc_indep,2,6,4096,4,32768,659613,20.12979126,0,0
bench_mma_f32acc,f32_f16_f16_f16,fixedc_indep,2,7,4096,4,32768,659495,20.12619019,0,0
bench_mma_f32acc,f32_f16_f16_f16,fixedc_indep,2,8,4096,4,32768,659495,20.12619019,0,0
bench_mma_f32acc,f32_f16_f16_f16,fixedc_indep,2,9,4096,4,32768,659613,20.12979126,0,0
bench_mma_f32acc,f32_f16_f16_f16,fixedc_indep,4,0,4096,4,65536,1081442,16.50149536,0,0
bench_mma_f32acc,f32_f16_f16_f16,fixedc_indep,4,1,4096,4,65536,1081442,16.50149536,0,0
bench_mma_f32acc,f32_f16_f16_f16,fixedc_indep,4,2,4096,4,65536,1081442,16.50149536,0,0
bench_mma_f32acc,f32_f16_f16_f16,fixedc_indep,4,3,4096,4,65536,1081505,16.50245667,0,0
bench_mma_f32acc,f32_f16_f16_f16,fixedc_indep,4,4,4096,4,65536,1081442,16.50149536,0,0
bench_mma_f32acc,f32_f16_f16_f16,fixedc_indep,4,5,4096,4,65536,1081444,16.50152588,0,0
bench_mma_f32acc,f32_f16_f16_f16,fixedc_indep,4,6,4096,4,65536,1081442,16.50149536,0,0
bench_mma_f32acc,f32_f16_f16_f16,fixedc_indep,4,7,4096,4,65536,1081444,16.50152588,0,0
bench_mma_f32acc,f32_f16_f16_f16,fixedc_indep,4,8,4096,4,65536,1081442,16.50149536,0,0
bench_mma_f32acc,f32_f16_f16_f16,fixedc_indep,4,9,4096,4,65536,1081503,16.50242615,0,0
bench_mma_f32acc,f32_f16_f16_f16,fixedc_indep,8,0,4096,4,131072,1159272,8.84454346,0,0
bench_mma_f32acc,f32_f16_f16_f16,fixedc_indep,8,1,4096,4,131072,1159272,8.84454346,0,0
bench_mma_f32acc,f32_f16_f16_f16,fixedc_indep,8,2,4096,4,131072,1159272,8.84454346,0,0
bench_mma_f32acc,f32_f16_f16_f16,fixedc_indep,8,3,4096,4,131072,1159272,8.84454346,0,0
bench_mma_f32acc,f32_f16_f16_f16,fixedc_indep,8,4,4096,4,131072,1159272,8.84454346,0,0
bench_mma_f32acc,f32_f16_f16_f16,fixedc_indep,8,5,4096,4,131072,1159272,8.84454346,0,0
bench_mma_f32acc,f32_f16_f16_f16,fixedc_indep,8,6,4096,4,131072,1159272,8.84454346,0,0
bench_mma_f32acc,f32_f16_f16_f16,fixedc_indep,8,7,4096,4,131072,1159272,8.84454346,0,0
bench_mma_f32acc,f32_f16_f16_f16,fixedc_indep,8,8,4096,4,131072,1159272,8.84454346,0,0
bench_mma_f32acc,f32_f16_f16_f16,fixedc_indep,8,9,4096,4,131072,1159272,8.84454346,0,0
bench_empty,none,empty,0,0,4096,8,0,565423,0.00000000,4836107857864116544,12495993677528352277
bench_empty,none,empty,0,1,4096,8,0,565301,0.00000000,4836107857864116544,12495993677528352277
bench_empty,none,empty,0,2,4096,8,0,565362,0.00000000,4836107857864116544,12495993677528352277
bench_empty,none,empty,0,3,4096,8,0,565301,0.00000000,4836107857864116544,12495993677528352277
bench_empty,none,empty,0,4,4096,8,0,565423,0.00000000,4836107857864116544,12495993677528352277
bench_empty,none,empty,0,5,4096,8,0,565362,0.00000000,4836107857864116544,12495993677528352277
bench_empty,none,empty,0,6,4096,8,0,565301,0.00000000,4836107857864116544,12495993677528352277
bench_empty,none,empty,0,7,4096,8,0,565423,0.00000000,4836107857864116544,12495993677528352277
bench_empty,none,empty,0,8,4096,8,0,565301,0.00000000,4836107857864116544,12495993677528352277
bench_empty,none,empty,0,9,4096,8,0,565362,0.00000000,4836107857864116544,12495993677528352277
bench_empty_matched_dep,f16_f16_f16_f16,empty_matched_dep,1,0,4096,8,32768,253986,7.75103760,504299520,504299520
bench_empty_matched_dep,f16_f16_f16_f16,empty_matched_dep,1,1,4096,8,32768,253986,7.75103760,504299520,504299520
bench_empty_matched_dep,f16_f16_f16_f16,empty_matched_dep,1,2,4096,8,32768,254047,7.75289917,504299520,504299520
bench_empty_matched_dep,f16_f16_f16_f16,empty_matched_dep,1,3,4096,8,32768,253986,7.75103760,504299520,504299520
bench_empty_matched_dep,f16_f16_f16_f16,empty_matched_dep,1,4,4096,8,32768,253986,7.75103760,504299520,504299520
bench_empty_matched_dep,f16_f16_f16_f16,empty_matched_dep,1,5,4096,8,32768,253986,7.75103760,504299520,504299520
bench_empty_matched_dep,f16_f16_f16_f16,empty_matched_dep,1,6,4096,8,32768,254108,7.75476074,504299520,504299520
bench_empty_matched_dep,f16_f16_f16_f16,empty_matched_dep,1,7,4096,8,32768,253986,7.75103760,504299520,504299520
bench_empty_matched_dep,f16_f16_f16_f16,empty_matched_dep,1,8,4096,8,32768,253986,7.75103760,504299520,504299520
bench_empty_matched_dep,f16_f16_f16_f16,empty_matched_dep,1,9,4096,8,32768,253986,7.75103760,504299520,504299520
bench_mma_f16_dep,f16_f16_f16_f16,dep,1,0,4096,8,32768,458791,14.00119019,8070573679429316608,8070573679429316608
bench_mma_f16_dep,f16_f16_f16_f16,dep,1,1,4096,8,32768,458852,14.00305176,8070573679429316608,8070573679429316608
bench_mma_f16_dep,f16_f16_f16_f16,dep,1,2,4096,8,32768,458791,14.00119019,8070573679429316608,8070573679429316608
bench_mma_f16_dep,f16_f16_f16_f16,dep,1,3,4096,8,32768,458791,14.00119019,8070573679429316608,8070573679429316608
bench_mma_f16_dep,f16_f16_f16_f16,dep,1,4,4096,8,32768,458852,14.00305176,8070573679429316608,8070573679429316608
bench_mma_f16_dep,f16_f16_f16_f16,dep,1,5,4096,8,32768,458791,14.00119019,8070573679429316608,8070573679429316608
bench_mma_f16_dep,f16_f16_f16_f16,dep,1,6,4096,8,32768,458852,14.00305176,8070573679429316608,8070573679429316608
bench_mma_f16_dep,f16_f16_f16_f16,dep,1,7,4096,8,32768,458791,14.00119019,8070573679429316608,8070573679429316608
bench_mma_f16_dep,f16_f16_f16_f16,dep,1,8,4096,8,32768,458849,14.00296021,8070573679429316608,8070573679429316608
bench_mma_f16_dep,f16_f16_f16_f16,dep,1,9,4096,8,32768,458791,14.00119019,8070573679429316608,8070573679429316608
bench_empty_matched_f32dep,f32_f16_f16_f32,empty_matched_f32dep,1,0,4096,8,32768,757794,23.12603760,0,0
bench_empty_matched_f32dep,f32_f16_f16_f32,empty_matched_f32dep,1,1,4096,8,32768,757794,23.12603760,0,0
bench_empty_matched_f32dep,f32_f16_f16_f32,empty_matched_f32dep,1,2,4096,8,32768,757855,23.12789917,0,0
bench_empty_matched_f32dep,f32_f16_f16_f32,empty_matched_f32dep,1,3,4096,8,32768,757917,23.12979126,0,0
bench_empty_matched_f32dep,f32_f16_f16_f32,empty_matched_f32dep,1,4,4096,8,32768,757794,23.12603760,0,0
bench_empty_matched_f32dep,f32_f16_f16_f32,empty_matched_f32dep,1,5,4096,8,32768,757794,23.12603760,0,0
bench_empty_matched_f32dep,f32_f16_f16_f32,empty_matched_f32dep,1,6,4096,8,32768,757916,23.12976074,0,0
bench_empty_matched_f32dep,f32_f16_f16_f32,empty_matched_f32dep,1,7,4096,8,32768,757855,23.12789917,0,0
bench_empty_matched_f32dep,f32_f16_f16_f32,empty_matched_f32dep,1,8,4096,8,32768,757794,23.12603760,0,0
bench_empty_matched_f32dep,f32_f16_f16_f32,empty_matched_f32dep,1,9,4096,8,32768,757855,23.12789917,0,0
bench_mma_f32_dep,f32_f16_f16_f32,dep,1,0,4096,8,32768,499877,15.25503540,0,0
bench_mma_f32_dep,f32_f16_f16_f32,dep,1,1,4096,8,32768,499755,15.25131226,0,0
bench_mma_f32_dep,f32_f16_f16_f32,dep,1,2,4096,8,32768,499877,15.25503540,0,0
bench_mma_f32_dep,f32_f16_f16_f32,dep,1,3,4096,8,32768,499755,15.25131226,0,0
bench_mma_f32_dep,f32_f16_f16_f32,dep,1,4,4096,8,32768,499816,15.25317383,0,0
bench_mma_f32_dep,f32_f16_f16_f32,dep,1,5,4096,8,32768,499755,15.25131226,0,0
bench_mma_f32_dep,f32_f16_f16_f32,dep,1,6,4096,8,32768,499815,15.25314331,0,0
bench_mma_f32_dep,f32_f16_f16_f32,dep,1,7,4096,8,32768,499755,15.25131226,0,0
bench_mma_f32_dep,f32_f16_f16_f32,dep,1,8,4096,8,32768,499816,15.25317383,0,0
bench_mma_f32_dep,f32_f16_f16_f32,dep,1,9,4096,8,32768,499755,15.25131226,0,0
bench_empty_matched_f32acc,f32_f16_f16_f16,empty_matched_f32acc,1,0,4096,8,32768,774175,23.62594604,9187696558869659991,281973192982644
bench_empty_matched_f32acc,f32_f16_f16_f16,empty_matched_f32acc,1,1,4096,8,32768,774236,23.62780762,9187696558869659991,281973192982644
bench_empty_matched_f32acc,f32_f16_f16_f16,empty_matched_f32acc,1,2,4096,8,32768,774236,23.62780762,9187696558869659991,281973192982644
bench_empty_matched_f32acc,f32_f16_f16_f16,empty_matched_f32acc,1,3,4096,8,32768,774236,23.62780762,9187696558869659991,281973192982644
bench_empty_matched_f32acc,f32_f16_f16_f16,empty_matched_f32acc,1,4,4096,8,32768,774175,23.62594604,9187696558869659991,281973192982644
bench_empty_matched_f32acc,f32_f16_f16_f16,empty_matched_f32acc,1,5,4096,8,32768,774236,23.62780762,9187696558869659991,281973192982644
bench_empty_matched_f32acc,f32_f16_f16_f16,empty_matched_f32acc,1,6,4096,8,32768,774297,23.62966919,9187696558869659991,281973192982644
bench_empty_matched_f32acc,f32_f16_f16_f16,empty_matched_f32acc,1,7,4096,8,32768,774236,23.62780762,9187696558869659991,281973192982644
bench_empty_matched_f32acc,f32_f16_f16_f16,empty_matched_f32acc,1,8,4096,8,32768,774175,23.62594604,9187696558869659991,281973192982644
bench_empty_matched_f32acc,f32_f16_f16_f16,empty_matched_f32acc,1,9,4096,8,32768,774236,23.62780762,9187696558869659991,281973192982644
bench_empty_matched_f32acc,f32_f16_f16_f16,empty_matched_f32acc,2,0,4096,8,65536,1298524,19.81390381,0,0
bench_empty_matched_f32acc,f32_f16_f16_f16,empty_matched_f32acc,2,1,4096,8,65536,1298585,19.81483459,0,0
bench_empty_matched_f32acc,f32_f16_f16_f16,empty_matched_f32acc,2,2,4096,8,65536,1298524,19.81390381,0,0
bench_empty_matched_f32acc,f32_f16_f16_f16,empty_matched_f32acc,2,3,4096,8,65536,1298524,19.81390381,0,0
bench_empty_matched_f32acc,f32_f16_f16_f16,empty_matched_f32acc,2,4,4096,8,65536,1298524,19.81390381,0,0
bench_empty_matched_f32acc,f32_f16_f16_f16,empty_matched_f32acc,2,5,4096,8,65536,1298585,19.81483459,0,0
bench_empty_matched_f32acc,f32_f16_f16_f16,empty_matched_f32acc,2,6,4096,8,65536,1298585,19.81483459,0,0
bench_empty_matched_f32acc,f32_f16_f16_f16,empty_matched_f32acc,2,7,4096,8,65536,1298524,19.81390381,0,0
bench_empty_matched_f32acc,f32_f16_f16_f16,empty_matched_f32acc,2,8,4096,8,65536,1298524,19.81390381,0,0
bench_empty_matched_f32acc,f32_f16_f16_f16,empty_matched_f32acc,2,9,4096,8,65536,1298585,19.81483459,0,0
bench_empty_matched_f32acc,f32_f16_f16_f16,empty_matched_f32acc,4,0,4096,8,131072,2375828,18.12612915,0,0
bench_empty_matched_f32acc,f32_f16_f16_f16,empty_matched_f32acc,4,1,4096,8,131072,2375828,18.12612915,0,0
bench_empty_matched_f32acc,f32_f16_f16_f16,empty_matched_f32acc,4,2,4096,8,131072,2375828,18.12612915,0,0
bench_empty_matched_f32acc,f32_f16_f16_f16,empty_matched_f32acc,4,3,4096,8,131072,2375889,18.12659454,0,0
bench_empty_matched_f32acc,f32_f16_f16_f16,empty_matched_f32acc,4,4,4096,8,131072,2375828,18.12612915,0,0
bench_empty_matched_f32acc,f32_f16_f16_f16,empty_matched_f32acc,4,5,4096,8,131072,2375828,18.12612915,0,0
bench_empty_matched_f32acc,f32_f16_f16_f16,empty_matched_f32acc,4,6,4096,8,131072,2375889,18.12659454,0,0
bench_empty_matched_f32acc,f32_f16_f16_f16,empty_matched_f32acc,4,7,4096,8,131072,2375828,18.12612915,0,0
bench_empty_matched_f32acc,f32_f16_f16_f16,empty_matched_f32acc,4,8,4096,8,131072,2375828,18.12612915,0,0
bench_empty_matched_f32acc,f32_f16_f16_f16,empty_matched_f32acc,4,9,4096,8,131072,2375828,18.12612915,0,0
bench_empty_matched_f32acc,f32_f16_f16_f16,empty_matched_f32acc,8,0,4096,8,262144,5124213,19.54732132,0,0
bench_empty_matched_f32acc,f32_f16_f16_f16,empty_matched_f32acc,8,1,4096,8,262144,5124213,19.54732132,0,0
bench_empty_matched_f32acc,f32_f16_f16_f16,empty_matched_f32acc,8,2,4096,8,262144,5124188,19.54722595,0,0
bench_empty_matched_f32acc,f32_f16_f16_f16,empty_matched_f32acc,8,3,4096,8,262144,5124188,19.54722595,0,0
bench_empty_matched_f32acc,f32_f16_f16_f16,empty_matched_f32acc,8,4,4096,8,262144,5124213,19.54732132,0,0
bench_empty_matched_f32acc,f32_f16_f16_f16,empty_matched_f32acc,8,5,4096,8,262144,5124213,19.54732132,0,0
bench_empty_matched_f32acc,f32_f16_f16_f16,empty_matched_f32acc,8,6,4096,8,262144,5124213,19.54732132,0,0
bench_empty_matched_f32acc,f32_f16_f16_f16,empty_matched_f32acc,8,7,4096,8,262144,5124213,19.54732132,0,0
bench_empty_matched_f32acc,f32_f16_f16_f16,empty_matched_f32acc,8,8,4096,8,262144,5124213,19.54732132,0,0
bench_empty_matched_f32acc,f32_f16_f16_f16,empty_matched_f32acc,8,9,4096,8,262144,5124213,19.54732132,0,0
bench_mma_f16_indep,f16_f16_f16_f16,indep,2,0,4096,8,65536,790631,12.06407166,0,0
bench_mma_f16_indep,f16_f16_f16_f16,indep,2,1,4096,8,65536,790631,12.06407166,0,0
bench_mma_f16_indep,f16_f16_f16_f16,indep,2,2,4096,8,65536,790570,12.06314087,0,0
bench_mma_f16_indep,f16_f16_f16_f16,indep,2,3,4096,8,65536,790631,12.06407166,0,0
bench_mma_f16_indep,f16_f16_f16_f16,indep,2,4,4096,8,65536,790631,12.06407166,0,0
bench_mma_f16_indep,f16_f16_f16_f16,indep,2,5,4096,8,65536,790631,12.06407166,0,0
bench_mma_f16_indep,f16_f16_f16_f16,indep,2,6,4096,8,65536,790570,12.06314087,0,0
bench_mma_f16_indep,f16_f16_f16_f16,indep,2,7,4096,8,65536,790631,12.06407166,0,0
bench_mma_f16_indep,f16_f16_f16_f16,indep,2,8,4096,8,65536,790631,12.06407166,0,0
bench_mma_f16_indep,f16_f16_f16_f16,indep,2,9,4096,8,65536,790631,12.06407166,0,0
bench_mma_f16_indep,f16_f16_f16_f16,indep,4,0,4096,8,131072,1331366,10.15751648,0,0
bench_mma_f16_indep,f16_f16_f16_f16,indep,4,1,4096,8,131072,1331305,10.15705109,0,0
bench_mma_f16_indep,f16_f16_f16_f16,indep,4,2,4096,8,131072,1331305,10.15705109,0,0
bench_mma_f16_indep,f16_f16_f16_f16,indep,4,3,4096,8,131072,1331305,10.15705109,0,0
bench_mma_f16_indep,f16_f16_f16_f16,indep,4,4,4096,8,131072,1331366,10.15751648,0,0
bench_mma_f16_indep,f16_f16_f16_f16,indep,4,5,4096,8,131072,1331305,10.15705109,0,0
bench_mma_f16_indep,f16_f16_f16_f16,indep,4,6,4096,8,131072,1331305,10.15705109,0,0
bench_mma_f16_indep,f16_f16_f16_f16,indep,4,7,4096,8,131072,1331366,10.15751648,0,0
bench_mma_f16_indep,f16_f16_f16_f16,indep,4,8,4096,8,131072,1331305,10.15705109,0,0
bench_mma_f16_indep,f16_f16_f16_f16,indep,4,9,4096,8,131072,1331305,10.15705109,0,0
bench_mma_f16_indep,f16_f16_f16_f16,indep,8,0,4096,8,262144,2515101,9.59434891,0,0
bench_mma_f16_indep,f16_f16_f16_f16,indep,8,1,4096,8,262144,2515223,9.59481430,0,0
bench_mma_f16_indep,f16_f16_f16_f16,indep,8,2,4096,8,262144,2515101,9.59434891,0,0
bench_mma_f16_indep,f16_f16_f16_f16,indep,8,3,4096,8,262144,2515162,9.59458160,0,0
bench_mma_f16_indep,f16_f16_f16_f16,indep,8,4,4096,8,262144,2515101,9.59434891,0,0
bench_mma_f16_indep,f16_f16_f16_f16,indep,8,5,4096,8,262144,2515101,9.59434891,0,0
bench_mma_f16_indep,f16_f16_f16_f16,indep,8,6,4096,8,262144,2515162,9.59458160,0,0
bench_mma_f16_indep,f16_f16_f16_f16,indep,8,7,4096,8,262144,2515101,9.59434891,0,0
bench_mma_f16_indep,f16_f16_f16_f16,indep,8,8,4096,8,262144,2515223,9.59481430,0,0
bench_mma_f16_indep,f16_f16_f16_f16,indep,8,9,4096,8,262144,2515101,9.59434891,0,0
bench_mma_f32acc,f32_f16_f16_f16,fixedc,1,0,4096,8,32768,340010,10.37628174,0,0
bench_mma_f32acc,f32_f16_f16_f16,fixedc,1,1,4096,8,32768,340010,10.37628174,0,0
bench_mma_f32acc,f32_f16_f16_f16,fixedc,1,2,4096,8,32768,340132,10.38000488,0,0
bench_mma_f32acc,f32_f16_f16_f16,fixedc,1,3,4096,8,32768,340010,10.37628174,0,0
bench_mma_f32acc,f32_f16_f16_f16,fixedc,1,4,4096,8,32768,340010,10.37628174,0,0
bench_mma_f32acc,f32_f16_f16_f16,fixedc,1,5,4096,8,32768,340071,10.37814331,0,0
bench_mma_f32acc,f32_f16_f16_f16,fixedc,1,6,4096,8,32768,340010,10.37628174,0,0
bench_mma_f32acc,f32_f16_f16_f16,fixedc,1,7,4096,8,32768,340010,10.37628174,0,0
bench_mma_f32acc,f32_f16_f16_f16,fixedc,1,8,4096,8,32768,340071,10.37814331,0,0
bench_mma_f32acc,f32_f16_f16_f16,fixedc,1,9,4096,8,32768,340010,10.37628174,0,0
bench_mma_f32acc,f32_f16_f16_f16,fixedc_indep,2,0,4096,8,65536,634919,9.68809509,0,0
bench_mma_f32acc,f32_f16_f16_f16,fixedc_indep,2,1,4096,8,65536,634980,9.68902588,0,0
bench_mma_f32acc,f32_f16_f16_f16,fixedc_indep,2,2,4096,8,65536,634980,9.68902588,0,0
bench_mma_f32acc,f32_f16_f16_f16,fixedc_indep,2,3,4096,8,65536,634919,9.68809509,0,0
bench_mma_f32acc,f32_f16_f16_f16,fixedc_indep,2,4,4096,8,65536,635040,9.68994141,0,0
bench_mma_f32acc,f32_f16_f16_f16,fixedc_indep,2,5,4096,8,65536,634979,9.68901062,0,0
bench_mma_f32acc,f32_f16_f16_f16,fixedc_indep,2,6,4096,8,65536,634919,9.68809509,0,0
bench_mma_f32acc,f32_f16_f16_f16,fixedc_indep,2,7,4096,8,65536,635041,9.68995667,0,0
bench_mma_f32acc,f32_f16_f16_f16,fixedc_indep,2,8,4096,8,65536,634919,9.68809509,0,0
bench_mma_f32acc,f32_f16_f16_f16,fixedc_indep,2,9,4096,8,65536,635040,9.68994141,0,0
bench_mma_f32acc,f32_f16_f16_f16,fixedc_indep,4,0,4096,8,131072,1036388,7.90701294,0,0
bench_mma_f32acc,f32_f16_f16_f16,fixedc_indep,4,1,4096,8,131072,1036449,7.90747833,0,0
bench_mma_f32acc,f32_f16_f16_f16,fixedc_indep,4,2,4096,8,131072,1036388,7.90701294,0,0
bench_mma_f32acc,f32_f16_f16_f16,fixedc_indep,4,3,4096,8,131072,1036388,7.90701294,0,0
bench_mma_f32acc,f32_f16_f16_f16,fixedc_indep,4,4,4096,8,131072,1036388,7.90701294,0,0
bench_mma_f32acc,f32_f16_f16_f16,fixedc_indep,4,5,4096,8,131072,1036449,7.90747833,0,0
bench_mma_f32acc,f32_f16_f16_f16,fixedc_indep,4,6,4096,8,131072,1036388,7.90701294,0,0
bench_mma_f32acc,f32_f16_f16_f16,fixedc_indep,4,7,4096,8,131072,1036388,7.90701294,0,0
bench_mma_f32acc,f32_f16_f16_f16,fixedc_indep,4,8,4096,8,131072,1036388,7.90701294,0,0
bench_mma_f32acc,f32_f16_f16_f16,fixedc_indep,4,9,4096,8,131072,1036449,7.90747833,0,0
bench_mma_f32acc,f32_f16_f16_f16,fixedc_indep,8,0,4096,8,262144,1450206,5.53209686,0,0
bench_mma_f32acc,f32_f16_f16_f16,fixedc_indep,8,1,4096,8,262144,1450144,5.53186035,0,0
bench_mma_f32acc,f32_f16_f16_f16,fixedc_indep,8,2,4096,8,262144,1450083,5.53162766,0,0
bench_mma_f32acc,f32_f16_f16_f16,fixedc_indep,8,3,4096,8,262144,1450144,5.53186035,0,0
bench_mma_f32acc,f32_f16_f16_f16,fixedc_indep,8,4,4096,8,262144,1450083,5.53162766,0,0
bench_mma_f32acc,f32_f16_f16_f16,fixedc_indep,8,5,4096,8,262144,1450144,5.53186035,0,0
bench_mma_f32acc,f32_f16_f16_f16,fixedc_indep,8,6,4096,8,262144,1450083,5.53162766,0,0
bench_mma_f32acc,f32_f16_f16_f16,fixedc_indep,8,7,4096,8,262144,1450083,5.53162766,0,0
bench_mma_f32acc,f32_f16_f16_f16,fixedc_indep,8,8,4096,8,262144,1450083,5.53162766,0,0
bench_mma_f32acc,f32_f16_f16_f16,fixedc_indep,8,9,4096,8,262144,1450083,5.53162766,0,0
bench_empty,none,empty,0,0,4096,16,0,819249,0.00000000,12395822044313930048,16014219783856113173
bench_empty,none,empty,0,1,4096,16,0,819249,0.00000000,12395822044313930048,16014219783856113173
bench_empty,none,empty,0,2,4096,16,0,819310,0.00000000,12395822044313930048,16014219783856113173
bench_empty,none,empty,0,3,4096,16,0,819371,0.00000000,12395822044313930048,16014219783856113173
bench_empty,none,empty,0,4,4096,16,0,819310,0.00000000,12395822044313930048,16014219783856113173
bench_empty,none,empty,0,5,4096,16,0,819310,0.00000000,12395822044313930048,16014219783856113173
bench_empty,none,empty,0,6,4096,16,0,819249,0.00000000,12395822044313930048,16014219783856113173
bench_empty,none,empty,0,7,4096,16,0,819310,0.00000000,12395822044313930048,16014219783856113173
bench_empty,none,empty,0,8,4096,16,0,819371,0.00000000,12395822044313930048,16014219783856113173
bench_empty,none,empty,0,9,4096,16,0,819310,0.00000000,12395822044313930048,16014219783856113173
bench_empty_matched_dep,f16_f16_f16_f16,empty_matched_dep,1,0,4096,16,65536,254108,3.87738037,1007616000,1007616000
bench_empty_matched_dep,f16_f16_f16_f16,empty_matched_dep,1,1,4096,16,65536,253986,3.87551880,1007616000,1007616000
bench_empty_matched_dep,f16_f16_f16_f16,empty_matched_dep,1,2,4096,16,65536,253986,3.87551880,1007616000,1007616000
bench_empty_matched_dep,f16_f16_f16_f16,empty_matched_dep,1,3,4096,16,65536,253986,3.87551880,1007616000,1007616000
bench_empty_matched_dep,f16_f16_f16_f16,empty_matched_dep,1,4,4096,16,65536,254108,3.87738037,1007616000,1007616000
bench_empty_matched_dep,f16_f16_f16_f16,empty_matched_dep,1,5,4096,16,65536,253986,3.87551880,1007616000,1007616000
bench_empty_matched_dep,f16_f16_f16_f16,empty_matched_dep,1,6,4096,16,65536,253986,3.87551880,1007616000,1007616000
bench_empty_matched_dep,f16_f16_f16_f16,empty_matched_dep,1,7,4096,16,65536,253986,3.87551880,1007616000,1007616000
bench_empty_matched_dep,f16_f16_f16_f16,empty_matched_dep,1,8,4096,16,65536,254047,3.87644958,1007616000,1007616000
bench_empty_matched_dep,f16_f16_f16_f16,empty_matched_dep,1,9,4096,16,65536,253986,3.87551880,1007616000,1007616000
bench_mma_f16_dep,f16_f16_f16_f16,dep,1,0,4096,16,65536,761951,11.62644958,8070573679429316608,8070573679429316608
bench_mma_f16_dep,f16_f16_f16_f16,dep,1,1,4096,16,65536,761951,11.62644958,8070573679429316608,8070573679429316608
bench_mma_f16_dep,f16_f16_f16_f16,dep,1,2,4096,16,65536,761890,11.62551880,8070573679429316608,8070573679429316608
bench_mma_f16_dep,f16_f16_f16_f16,dep,1,3,4096,16,65536,762009,11.62733459,8070573679429316608,8070573679429316608
bench_mma_f16_dep,f16_f16_f16_f16,dep,1,4,4096,16,65536,761951,11.62644958,8070573679429316608,8070573679429316608
bench_mma_f16_dep,f16_f16_f16_f16,dep,1,5,4096,16,65536,761951,11.62644958,8070573679429316608,8070573679429316608
bench_mma_f16_dep,f16_f16_f16_f16,dep,1,6,4096,16,65536,761890,11.62551880,8070573679429316608,8070573679429316608
bench_mma_f16_dep,f16_f16_f16_f16,dep,1,7,4096,16,65536,762009,11.62733459,8070573679429316608,8070573679429316608
bench_mma_f16_dep,f16_f16_f16_f16,dep,1,8,4096,16,65536,761951,11.62644958,8070573679429316608,8070573679429316608
bench_mma_f16_dep,f16_f16_f16_f16,dep,1,9,4096,16,65536,762009,11.62733459,8070573679429316608,8070573679429316608
bench_empty_matched_f32dep,f32_f16_f16_f32,empty_matched_f32dep,1,0,4096,16,65536,1269850,19.37637329,0,0
bench_empty_matched_f32dep,f32_f16_f16_f32,empty_matched_f32dep,1,1,4096,16,65536,1269850,19.37637329,0,0
bench_empty_matched_f32dep,f32_f16_f16_f32,empty_matched_f32dep,1,2,4096,16,65536,1269911,19.37730408,0,0
bench_empty_matched_f32dep,f32_f16_f16_f32,empty_matched_f32dep,1,3,4096,16,65536,1269850,19.37637329,0,0
bench_empty_matched_f32dep,f32_f16_f16_f32,empty_matched_f32dep,1,4,4096,16,65536,1269911,19.37730408,0,0
bench_empty_matched_f32dep,f32_f16_f16_f32,empty_matched_f32dep,1,5,4096,16,65536,1269850,19.37637329,0,0
bench_empty_matched_f32dep,f32_f16_f16_f32,empty_matched_f32dep,1,6,4096,16,65536,1269850,19.37637329,0,0
bench_empty_matched_f32dep,f32_f16_f16_f32,empty_matched_f32dep,1,7,4096,16,65536,1269850,19.37637329,0,0
bench_empty_matched_f32dep,f32_f16_f16_f32,empty_matched_f32dep,1,8,4096,16,65536,1269911,19.37730408,0,0
bench_empty_matched_f32dep,f32_f16_f16_f32,empty_matched_f32dep,1,9,4096,16,65536,1269850,19.37637329,0,0
bench_mma_f32_dep,f32_f16_f16_f32,dep,1,0,4096,16,65536,786590,12.00241089,0,0
bench_mma_f32_dep,f32_f16_f16_f32,dep,1,1,4096,16,65536,786530,12.00149536,0,0
bench_mma_f32_dep,f32_f16_f16_f32,dep,1,2,4096,16,65536,786469,12.00056458,0,0
bench_mma_f32_dep,f32_f16_f16_f32,dep,1,3,4096,16,65536,786591,12.00242615,0,0
bench_mma_f32_dep,f32_f16_f16_f32,dep,1,4,4096,16,65536,786590,12.00241089,0,0
bench_mma_f32_dep,f32_f16_f16_f32,dep,1,5,4096,16,65536,786530,12.00149536,0,0
bench_mma_f32_dep,f32_f16_f16_f32,dep,1,6,4096,16,65536,786469,12.00056458,0,0
bench_mma_f32_dep,f32_f16_f16_f32,dep,1,7,4096,16,65536,786529,12.00148010,0,0
bench_mma_f32_dep,f32_f16_f16_f32,dep,1,8,4096,16,65536,786590,12.00241089,0,0
bench_mma_f32_dep,f32_f16_f16_f32,dep,1,9,4096,16,65536,786529,12.00148010,0,0
bench_empty_matched_f32acc,f32_f16_f16_f16,empty_matched_f32acc,1,0,4096,16,65536,1290328,19.68884277,8647194028556747047,281724084879418
bench_empty_matched_f32acc,f32_f16_f16_f16,empty_matched_f32acc,1,1,4096,16,65536,1290328,19.68884277,8647194028556747047,281724084879418
bench_empty_matched_f32acc,f32_f16_f16_f16,empty_matched_f32acc,1,2,4096,16,65536,1290328,19.68884277,8647194028556747047,281724084879418
bench_empty_matched_f32acc,f32_f16_f16_f16,empty_matched_f32acc,1,3,4096,16,65536,1290389,19.68977356,8647194028556747047,281724084879418
bench_empty_matched_f32acc,f32_f16_f16_f16,empty_matched_f32acc,1,4,4096,16,65536,1290328,19.68884277,8647194028556747047,281724084879418
bench_empty_matched_f32acc,f32_f16_f16_f16,empty_matched_f32acc,1,5,4096,16,65536,1290328,19.68884277,8647194028556747047,281724084879418
bench_empty_matched_f32acc,f32_f16_f16_f16,empty_matched_f32acc,1,6,4096,16,65536,1290328,19.68884277,8647194028556747047,281724084879418
bench_empty_matched_f32acc,f32_f16_f16_f16,empty_matched_f32acc,1,7,4096,16,65536,1290389,19.68977356,8647194028556747047,281724084879418
bench_empty_matched_f32acc,f32_f16_f16_f16,empty_matched_f32acc,1,8,4096,16,65536,1290328,19.68884277,8647194028556747047,281724084879418
bench_empty_matched_f32acc,f32_f16_f16_f16,empty_matched_f32acc,1,9,4096,16,65536,1290389,19.68977356,8647194028556747047,281724084879418
bench_empty_matched_f32acc,f32_f16_f16_f16,empty_matched_f32acc,2,0,4096,16,131072,2351311,17.93907928,0,0
bench_empty_matched_f32acc,f32_f16_f16_f16,empty_matched_f32acc,2,1,4096,16,131072,2351250,17.93861389,0,0
bench_empty_matched_f32acc,f32_f16_f16_f16,empty_matched_f32acc,2,2,4096,16,131072,2351311,17.93907928,0,0
bench_empty_matched_f32acc,f32_f16_f16_f16,empty_matched_f32acc,2,3,4096,16,131072,2351250,17.93861389,0,0
bench_empty_matched_f32acc,f32_f16_f16_f16,empty_matched_f32acc,2,4,4096,16,131072,2351372,17.93954468,0,0
bench_empty_matched_f32acc,f32_f16_f16_f16,empty_matched_f32acc,2,5,4096,16,131072,2351250,17.93861389,0,0
bench_empty_matched_f32acc,f32_f16_f16_f16,empty_matched_f32acc,2,6,4096,16,131072,2351311,17.93907928,0,0
bench_empty_matched_f32acc,f32_f16_f16_f16,empty_matched_f32acc,2,7,4096,16,131072,2351311,17.93907928,0,0
bench_empty_matched_f32acc,f32_f16_f16_f16,empty_matched_f32acc,2,8,4096,16,131072,2351250,17.93861389,0,0
bench_empty_matched_f32acc,f32_f16_f16_f16,empty_matched_f32acc,2,9,4096,16,131072,2351250,17.93861389,0,0
bench_empty_matched_f32acc,f32_f16_f16_f16,empty_matched_f32acc,4,0,4096,16,262144,4448526,16.96977997,0,0
bench_empty_matched_f32acc,f32_f16_f16_f16,empty_matched_f32acc,4,1,4096,16,262144,4448526,16.96977997,0,0
bench_empty_matched_f32acc,f32_f16_f16_f16,empty_matched_f32acc,4,2,4096,16,262144,4448526,16.96977997,0,0
bench_empty_matched_f32acc,f32_f16_f16_f16,empty_matched_f32acc,4,3,4096,16,262144,4448587,16.97001266,0,0
bench_empty_matched_f32acc,f32_f16_f16_f16,empty_matched_f32acc,4,4,4096,16,262144,4448526,16.96977997,0,0
bench_empty_matched_f32acc,f32_f16_f16_f16,empty_matched_f32acc,4,5,4096,16,262144,4448587,16.97001266,0,0
bench_empty_matched_f32acc,f32_f16_f16_f16,empty_matched_f32acc,4,6,4096,16,262144,4448526,16.96977997,0,0
bench_empty_matched_f32acc,f32_f16_f16_f16,empty_matched_f32acc,4,7,4096,16,262144,4448587,16.97001266,0,0
bench_empty_matched_f32acc,f32_f16_f16_f16,empty_matched_f32acc,4,8,4096,16,262144,4448526,16.96977997,0,0
bench_empty_matched_f32acc,f32_f16_f16_f16,empty_matched_f32acc,4,9,4096,16,262144,4448526,16.96977997,0,0
bench_empty_matched_f32acc,f32_f16_f16_f16,empty_matched_f32acc,8,0,4096,16,524288,15479119,29.52407646,0,0
bench_empty_matched_f32acc,f32_f16_f16_f16,empty_matched_f32acc,8,1,4096,16,524288,15479058,29.52396011,0,0
bench_empty_matched_f32acc,f32_f16_f16_f16,empty_matched_f32acc,8,2,4096,16,524288,15479082,29.52400589,0,0
bench_empty_matched_f32acc,f32_f16_f16_f16,empty_matched_f32acc,8,3,4096,16,524288,15479082,29.52400589,0,0
bench_empty_matched_f32acc,f32_f16_f16_f16,empty_matched_f32acc,8,4,4096,16,524288,15479082,29.52400589,0,0
bench_empty_matched_f32acc,f32_f16_f16_f16,empty_matched_f32acc,8,5,4096,16,524288,15479119,29.52407646,0,0
bench_empty_matched_f32acc,f32_f16_f16_f16,empty_matched_f32acc,8,6,4096,16,524288,15479058,29.52396011,0,0
bench_empty_matched_f32acc,f32_f16_f16_f16,empty_matched_f32acc,8,7,4096,16,524288,15479082,29.52400589,0,0
bench_empty_matched_f32acc,f32_f16_f16_f16,empty_matched_f32acc,8,8,4096,16,524288,15479082,29.52400589,0,0
bench_empty_matched_f32acc,f32_f16_f16_f16,empty_matched_f32acc,8,9,4096,16,524288,15479082,29.52400589,0,0
bench_mma_f16_indep,f16_f16_f16_f16,indep,2,0,4096,16,131072,1343586,10.25074768,0,0
bench_mma_f16_indep,f16_f16_f16_f16,indep,2,1,4096,16,131072,1343647,10.25121307,0,0
bench_mma_f16_indep,f16_f16_f16_f16,indep,2,2,4096,16,131072,1343586,10.25074768,0,0
bench_mma_f16_indep,f16_f16_f16_f16,indep,2,3,4096,16,131072,1343586,10.25074768,0,0
bench_mma_f16_indep,f16_f16_f16_f16,indep,2,4,4096,16,131072,1343706,10.25166321,0,0
bench_mma_f16_indep,f16_f16_f16_f16,indep,2,5,4096,16,131072,1343586,10.25074768,0,0
bench_mma_f16_indep,f16_f16_f16_f16,indep,2,6,4096,16,131072,1343647,10.25121307,0,0
bench_mma_f16_indep,f16_f16_f16_f16,indep,2,7,4096,16,131072,1343647,10.25121307,0,0
bench_mma_f16_indep,f16_f16_f16_f16,indep,2,8,4096,16,131072,1343586,10.25074768,0,0
bench_mma_f16_indep,f16_f16_f16_f16,indep,2,9,4096,16,131072,1343586,10.25074768,0,0
bench_mma_f16_indep,f16_f16_f16_f16,indep,4,0,4096,16,262144,2408609,9.18811417,0,0
bench_mma_f16_indep,f16_f16_f16_f16,indep,4,1,4096,16,262144,2408609,9.18811417,0,0
bench_mma_f16_indep,f16_f16_f16_f16,indep,4,2,4096,16,262144,2408731,9.18857956,0,0
bench_mma_f16_indep,f16_f16_f16_f16,indep,4,3,4096,16,262144,2408609,9.18811417,0,0
bench_mma_f16_indep,f16_f16_f16_f16,indep,4,4,4096,16,262144,2408609,9.18811417,0,0
bench_mma_f16_indep,f16_f16_f16_f16,indep,4,5,4096,16,262144,2408731,9.18857956,0,0
bench_mma_f16_indep,f16_f16_f16_f16,indep,4,6,4096,16,262144,2408609,9.18811417,0,0
bench_mma_f16_indep,f16_f16_f16_f16,indep,4,7,4096,16,262144,2408609,9.18811417,0,0
bench_mma_f16_indep,f16_f16_f16_f16,indep,4,8,4096,16,262144,2408670,9.18834686,0,0
bench_mma_f16_indep,f16_f16_f16_f16,indep,4,9,4096,16,262144,2408670,9.18834686,0,0
bench_mma_f16_indep,f16_f16_f16_f16,indep,8,0,4096,16,524288,4661520,8.89114380,0,0
bench_mma_f16_indep,f16_f16_f16_f16,indep,8,1,4096,16,524288,4661520,8.89114380,0,0
bench_mma_f16_indep,f16_f16_f16_f16,indep,8,2,4096,16,524288,4661581,8.89126015,0,0
bench_mma_f16_indep,f16_f16_f16_f16,indep,8,3,4096,16,524288,4661581,8.89126015,0,0
bench_mma_f16_indep,f16_f16_f16_f16,indep,8,4,4096,16,524288,4661520,8.89114380,0,0
bench_mma_f16_indep,f16_f16_f16_f16,indep,8,5,4096,16,524288,4661581,8.89126015,0,0
bench_mma_f16_indep,f16_f16_f16_f16,indep,8,6,4096,16,524288,4661520,8.89114380,0,0
bench_mma_f16_indep,f16_f16_f16_f16,indep,8,7,4096,16,524288,4661642,8.89137650,0,0
bench_mma_f16_indep,f16_f16_f16_f16,indep,8,8,4096,16,524288,4661520,8.89114380,0,0
bench_mma_f16_indep,f16_f16_f16_f16,indep,8,9,4096,16,524288,4661581,8.89126015,0,0
bench_mma_f32acc,f32_f16_f16_f16,fixedc,1,0,4096,16,65536,336034,5.12747192,0,0
bench_mma_f32acc,f32_f16_f16_f16,fixedc,1,1,4096,16,65536,335913,5.12562561,0,0
bench_mma_f32acc,f32_f16_f16_f16,fixedc,1,2,4096,16,65536,336034,5.12747192,0,0
bench_mma_f32acc,f32_f16_f16_f16,fixedc,1,3,4096,16,65536,335913,5.12562561,0,0
bench_mma_f32acc,f32_f16_f16_f16,fixedc,1,4,4096,16,65536,335913,5.12562561,0,0
bench_mma_f32acc,f32_f16_f16_f16,fixedc,1,5,4096,16,65536,335974,5.12655640,0,0
bench_mma_f32acc,f32_f16_f16_f16,fixedc,1,6,4096,16,65536,335913,5.12562561,0,0
bench_mma_f32acc,f32_f16_f16_f16,fixedc,1,7,4096,16,65536,335913,5.12562561,0,0
bench_mma_f32acc,f32_f16_f16_f16,fixedc,1,8,4096,16,65536,335974,5.12655640,0,0
bench_mma_f32acc,f32_f16_f16_f16,fixedc,1,9,4096,16,65536,335913,5.12562561,0,0
bench_mma_f32acc,f32_f16_f16_f16,fixedc_indep,2,0,4096,16,131072,618534,4.71903992,0,0
bench_mma_f32acc,f32_f16_f16_f16,fixedc_indep,2,1,4096,16,131072,618655,4.71996307,0,0
bench_mma_f32acc,f32_f16_f16_f16,fixedc_indep,2,2,4096,16,131072,618534,4.71903992,0,0
bench_mma_f32acc,f32_f16_f16_f16,fixedc_indep,2,3,4096,16,131072,618594,4.71949768,0,0
bench_mma_f32acc,f32_f16_f16_f16,fixedc_indep,2,4,4096,16,131072,618594,4.71949768,0,0
bench_mma_f32acc,f32_f16_f16_f16,fixedc_indep,2,5,4096,16,131072,618534,4.71903992,0,0
bench_mma_f32acc,f32_f16_f16_f16,fixedc_indep,2,6,4096,16,131072,618594,4.71949768,0,0
bench_mma_f32acc,f32_f16_f16_f16,fixedc_indep,2,7,4096,16,131072,618594,4.71949768,0,0
bench_mma_f32acc,f32_f16_f16_f16,fixedc_indep,2,8,4096,16,131072,618534,4.71903992,0,0
bench_mma_f32acc,f32_f16_f16_f16,fixedc_indep,2,9,4096,16,131072,618655,4.71996307,0,0
bench_mma_f32acc,f32_f16_f16_f16,fixedc_indep,4,0,4096,16,262144,991331,3.78162766,0,0
bench_mma_f32acc,f32_f16_f16_f16,fixedc_indep,4,1,4096,16,262144,991331,3.78162766,0,0
bench_mma_f32acc,f32_f16_f16_f16,fixedc_indep,4,2,4096,16,262144,991331,3.78162766,0,0
bench_mma_f32acc,f32_f16_f16_f16,fixedc_indep,4,3,4096,16,262144,991392,3.78186035,0,0
bench_mma_f32acc,f32_f16_f16_f16,fixedc_indep,4,4,4096,16,262144,991331,3.78162766,0,0
bench_mma_f32acc,f32_f16_f16_f16,fixedc_indep,4,5,4096,16,262144,991331,3.78162766,0,0
bench_mma_f32acc,f32_f16_f16_f16,fixedc_indep,4,6,4096,16,262144,991392,3.78186035,0,0
bench_mma_f32acc,f32_f16_f16_f16,fixedc_indep,4,7,4096,16,262144,991331,3.78162766,0,0
bench_mma_f32acc,f32_f16_f16_f16,fixedc_indep,4,8,4096,16,262144,991392,3.78186035,0,0
bench_mma_f32acc,f32_f16_f16_f16,fixedc_indep,4,9,4096,16,262144,991270,3.78139496,0,0
bench_mma_f32acc,f32_f16_f16_f16,fixedc_indep,8,0,4096,16,524288,1740954,3.32060623,0,0
bench_mma_f32acc,f32_f16_f16_f16,fixedc_indep,8,1,4096,16,524288,1740954,3.32060623,0,0
bench_mma_f32acc,f32_f16_f16_f16,fixedc_indep,8,2,4096,16,524288,1740893,3.32048988,0,0
bench_mma_f32acc,f32_f16_f16_f16,fixedc_indep,8,3,4096,16,524288,1740954,3.32060623,0,0
bench_mma_f32acc,f32_f16_f16_f16,fixedc_indep,8,4,4096,16,524288,1741015,3.32072258,0,0
bench_mma_f32acc,f32_f16_f16_f16,fixedc_indep,8,5,4096,16,524288,1740893,3.32048988,0,0
bench_mma_f32acc,f32_f16_f16_f16,fixedc_indep,8,6,4096,16,524288,1740954,3.32060623,0,0
bench_mma_f32acc,f32_f16_f16_f16,fixedc_indep,8,7,4096,16,524288,1741016,3.32072449,0,0
bench_mma_f32acc,f32_f16_f16_f16,fixedc_indep,8,8,4096,16,524288,1740893,3.32048988,0,0
bench_mma_f32acc,f32_f16_f16_f16,fixedc_indep,8,9,4096,16,524288,1740954,3.32060623,0,0
